filename,day_info
TFUEL_USDT_data.csv,2021-01-01 (1/24 hours)
TFUEL_USDT_data.csv,2021-01-10 (21/24 hours)
TFUEL_USDT_data.csv,2021-01-27 (23/24 hours)
TFUEL_USDT_data.csv,2021-02-20 (23/24 hours)
TFUEL_USDT_data.csv,2021-02-22 (23/24 hours)
TFUEL_USDT_data.csv,2021-02-26 (23/24 hours)
TFUEL_USDT_data.csv,2021-03-25 (23/24 hours)
TFUEL_USDT_data.csv,2021-04-04 (23/24 hours)
TFUEL_USDT_data.csv,2021-04-17 (22/24 hours)
TFUEL_USDT_data.csv,2021-04-26 (23/24 hours)
TFUEL_USDT_data.csv,2021-05-05 (23/24 hours)
TFUEL_USDT_data.csv,2021-06-11 (23/24 hours)
TFUEL_USDT_data.csv,2021-07-01 (23/24 hours)
TFUEL_USDT_data.csv,2021-07-06 (23/24 hours)
TFUEL_USDT_data.csv,2022-01-27 (23/24 hours)
TFUEL_USDT_data.csv,2022-02-11 (20/24 hours)
TFUEL_USDT_data.csv,2022-05-20 (20/24 hours)
TFUEL_USDT_data.csv,2022-10-04 (23/24 hours)
TFUEL_USDT_data.csv,2022-10-07 (20/24 hours)
TFUEL_USDT_data.csv,2022-10-08 (17/24 hours)
TFUEL_USDT_data.csv,2023-03-02 (23/24 hours)
TFUEL_USDT_data.csv,2023-11-03 (23/24 hours)
TFUEL_USDT_data.csv,2024-01-09 (23/24 hours)
TFUEL_USDT_data.csv,2024-08-05 (23/24 hours)
TFUEL_USDT_data.csv,2024-08-16 (23/24 hours)
TFUEL_USDT_data.csv,2024-10-03 (23/24 hours)
TFUEL_USDT_data.csv,2024-10-09 (23/24 hours)
TFUEL_USDT_data.csv,2024-10-22 (10/24 hours)
CAKE_USDT_data.csv,2021-01-01 (1/24 hours)
CAKE_USDT_data.csv,2021-01-10 (21/24 hours)
CAKE_USDT_data.csv,2021-02-26 (23/24 hours)
CAKE_USDT_data.csv,2021-03-25 (23/24 hours)
CAKE_USDT_data.csv,2021-04-04 (23/24 hours)
CAKE_USDT_data.csv,2021-04-17 (21/24 hours)
CAKE_USDT_data.csv,2024-05-07 (16/24 hours)
CAKE_USDT_data.csv,2024-05-08 (10/24 hours)
CAKE_USDT_data.csv,2024-05-09 (21/24 hours)
CAKE_USDT_data.csv,2024-07-26 (23/24 hours)
CAKE_USDT_data.csv,2024-08-20 (22/24 hours)
CAKE_USDT_data.csv,2024-10-22 (8/24 hours)
COMP_USDT_data.csv,2021-01-01 (1/24 hours)
COMP_USDT_data.csv,2024-05-09 (21/24 hours)
COMP_USDT_data.csv,2024-07-26 (23/24 hours)
COMP_USDT_data.csv,2024-08-20 (22/24 hours)
COMP_USDT_data.csv,2024-10-22 (8/24 hours)
TWT_USDT_data.csv,2021-01-01 (1/24 hours)
TWT_USDT_data.csv,2021-01-10 (21/24 hours)
TWT_USDT_data.csv,2021-03-25 (23/24 hours)
TWT_USDT_data.csv,2021-04-04 (23/24 hours)
TWT_USDT_data.csv,2021-04-15 (23/24 hours)
TWT_USDT_data.csv,2021-04-17 (21/24 hours)
TWT_USDT_data.csv,2021-04-19 (23/24 hours)
TWT_USDT_data.csv,2021-04-20 (23/24 hours)
TWT_USDT_data.csv,2021-04-26 (23/24 hours)
TWT_USDT_data.csv,2021-05-22 (23/24 hours)
TWT_USDT_data.csv,2021-06-01 (23/24 hours)
TWT_USDT_data.csv,2021-07-01 (23/24 hours)
TWT_USDT_data.csv,2021-07-06 (23/24 hours)
TWT_USDT_data.csv,2022-01-27 (23/24 hours)
TWT_USDT_data.csv,2022-02-11 (20/24 hours)
TWT_USDT_data.csv,2022-05-20 (20/24 hours)
TWT_USDT_data.csv,2022-10-04 (23/24 hours)
TWT_USDT_data.csv,2022-10-07 (20/24 hours)
TWT_USDT_data.csv,2022-10-08 (18/24 hours)
TWT_USDT_data.csv,2023-03-02 (23/24 hours)
TWT_USDT_data.csv,2023-11-03 (23/24 hours)
TWT_USDT_data.csv,2024-01-09 (23/24 hours)
TWT_USDT_data.csv,2024-07-26 (23/24 hours)
TWT_USDT_data.csv,2024-08-20 (22/24 hours)
TWT_USDT_data.csv,2024-10-22 (8/24 hours)
GALA_USDT_data.csv,2021-01-01 (1/24 hours)
GALA_USDT_data.csv,2021-01-10 (21/24 hours)
GALA_USDT_data.csv,2021-01-27 (23/24 hours)
GALA_USDT_data.csv,2021-02-20 (23/24 hours)
GALA_USDT_data.csv,2021-02-22 (23/24 hours)
GALA_USDT_data.csv,2021-03-25 (23/24 hours)
GALA_USDT_data.csv,2021-04-17 (22/24 hours)
GALA_USDT_data.csv,2021-04-26 (23/24 hours)
GALA_USDT_data.csv,2021-05-05 (23/24 hours)
GALA_USDT_data.csv,2021-06-11 (23/24 hours)
GALA_USDT_data.csv,2021-07-01 (23/24 hours)
GALA_USDT_data.csv,2021-07-06 (23/24 hours)
GALA_USDT_data.csv,2022-01-27 (23/24 hours)
GALA_USDT_data.csv,2022-02-11 (20/24 hours)
GALA_USDT_data.csv,2022-05-20 (19/24 hours)
GALA_USDT_data.csv,2022-10-04 (23/24 hours)
GALA_USDT_data.csv,2022-10-07 (20/24 hours)
GALA_USDT_data.csv,2022-10-08 (17/24 hours)
GALA_USDT_data.csv,2023-03-02 (23/24 hours)
GALA_USDT_data.csv,2024-05-09 (21/24 hours)
GALA_USDT_data.csv,2024-07-26 (23/24 hours)
GALA_USDT_data.csv,2024-08-20 (22/24 hours)
GALA_USDT_data.csv,2024-10-22 (8/24 hours)
SUPER_USDT_data.csv,2021-02-22 (8/24 hours)
SUPER_USDT_data.csv,2022-10-01 (23/24 hours)
SUPER_USDT_data.csv,2023-07-21 (19/24 hours)
SUPER_USDT_data.csv,2024-05-09 (21/24 hours)
SUPER_USDT_data.csv,2024-07-26 (23/24 hours)
SUPER_USDT_data.csv,2024-08-20 (22/24 hours)
SUPER_USDT_data.csv,2024-10-22 (8/24 hours)
KAS_USDT_data.csv,2022-05-25 (15/24 hours)
KAS_USDT_data.csv,2022-10-04 (23/24 hours)
KAS_USDT_data.csv,2022-10-07 (20/24 hours)
KAS_USDT_data.csv,2022-10-08 (18/24 hours)
KAS_USDT_data.csv,2023-03-02 (23/24 hours)
KAS_USDT_data.csv,2023-11-03 (23/24 hours)
KAS_USDT_data.csv,2024-08-20 (23/24 hours)
KAS_USDT_data.csv,2024-10-09 (23/24 hours)
KAS_USDT_data.csv,2024-10-22 (10/24 hours)
ZEC_USDT_data.csv,2021-01-01 (1/24 hours)
ZEC_USDT_data.csv,2021-02-22 (15/24 hours)
ZEC_USDT_data.csv,2021-12-12 (20/24 hours)
ZEC_USDT_data.csv,2023-07-21 (10/24 hours)
ZEC_USDT_data.csv,2024-05-09 (21/24 hours)
ZEC_USDT_data.csv,2024-07-26 (23/24 hours)
ZEC_USDT_data.csv,2024-08-20 (22/24 hours)
ZEC_USDT_data.csv,2024-10-22 (8/24 hours)
CFX_USDT_data.csv,2021-01-01 (1/24 hours)
CFX_USDT_data.csv,2021-01-10 (21/24 hours)
CFX_USDT_data.csv,2021-02-20 (23/24 hours)
CFX_USDT_data.csv,2021-02-22 (23/24 hours)
CFX_USDT_data.csv,2021-02-26 (23/24 hours)
CFX_USDT_data.csv,2021-03-25 (23/24 hours)
CFX_USDT_data.csv,2021-04-04 (23/24 hours)
CFX_USDT_data.csv,2021-04-08 (23/24 hours)
CFX_USDT_data.csv,2021-04-15 (23/24 hours)
CFX_USDT_data.csv,2021-04-17 (21/24 hours)
CFX_USDT_data.csv,2021-04-19 (22/24 hours)
CFX_USDT_data.csv,2021-04-20 (23/24 hours)
CFX_USDT_data.csv,2021-04-26 (23/24 hours)
CFX_USDT_data.csv,2021-05-05 (23/24 hours)
CFX_USDT_data.csv,2024-05-09 (21/24 hours)
CFX_USDT_data.csv,2024-07-26 (23/24 hours)
CFX_USDT_data.csv,2024-08-20 (22/24 hours)
CFX_USDT_data.csv,2024-10-22 (8/24 hours)
FIL_USDT_data.csv,2021-01-01 (1/24 hours)
FIL_USDT_data.csv,2021-02-22 (3/24 hours)
FIL_USDT_data.csv,2021-03-02 (1/24 hours)
FIL_USDT_data.csv,2021-12-12 (5/24 hours)
FIL_USDT_data.csv,2022-10-01 (7/24 hours)
FIL_USDT_data.csv,2022-10-30 (16/24 hours)
FIL_USDT_data.csv,2023-07-21 (9/24 hours)
FIL_USDT_data.csv,2023-09-10 (7/24 hours)
FIL_USDT_data.csv,2024-05-09 (21/24 hours)
FIL_USDT_data.csv,2024-07-26 (23/24 hours)
FIL_USDT_data.csv,2024-08-20 (22/24 hours)
FIL_USDT_data.csv,2024-10-22 (8/24 hours)
GNO_USDT_data.csv,2021-01-01 (1/24 hours)
GNO_USDT_data.csv,2021-12-12 (23/24 hours)
GNO_USDT_data.csv,2024-05-09 (21/24 hours)
GNO_USDT_data.csv,2024-07-26 (23/24 hours)
GNO_USDT_data.csv,2024-08-20 (22/24 hours)
GNO_USDT_data.csv,2024-10-22 (8/24 hours)
CKB_USDT_data.csv,2021-01-01 (1/24 hours)
CKB_USDT_data.csv,2021-01-10 (20/24 hours)
CKB_USDT_data.csv,2021-02-20 (23/24 hours)
CKB_USDT_data.csv,2021-02-22 (23/24 hours)
CKB_USDT_data.csv,2021-02-26 (23/24 hours)
CKB_USDT_data.csv,2021-04-17 (21/24 hours)
CKB_USDT_data.csv,2021-04-26 (23/24 hours)
CKB_USDT_data.csv,2021-05-05 (23/24 hours)
CKB_USDT_data.csv,2021-05-10 (23/24 hours)
CKB_USDT_data.csv,2021-07-01 (23/24 hours)
CKB_USDT_data.csv,2021-07-06 (23/24 hours)
CKB_USDT_data.csv,2022-01-27 (23/24 hours)
CKB_USDT_data.csv,2022-02-11 (20/24 hours)
CKB_USDT_data.csv,2022-05-20 (19/24 hours)
CKB_USDT_data.csv,2022-10-04 (23/24 hours)
CKB_USDT_data.csv,2022-10-07 (20/24 hours)
CKB_USDT_data.csv,2022-10-08 (17/24 hours)
CKB_USDT_data.csv,2023-03-02 (23/24 hours)
CKB_USDT_data.csv,2023-11-03 (23/24 hours)
CKB_USDT_data.csv,2024-01-09 (23/24 hours)
CKB_USDT_data.csv,2024-08-20 (23/24 hours)
CKB_USDT_data.csv,2024-10-09 (23/24 hours)
CKB_USDT_data.csv,2024-10-22 (10/24 hours)
FTM_USDT_data.csv,2021-01-01 (1/24 hours)
FTM_USDT_data.csv,2024-05-07 (17/24 hours)
FTM_USDT_data.csv,2024-05-08 (10/24 hours)
FTM_USDT_data.csv,2024-05-09 (21/24 hours)
FTM_USDT_data.csv,2024-07-26 (23/24 hours)
FTM_USDT_data.csv,2024-08-20 (22/24 hours)
FTM_USDT_data.csv,2024-10-22 (8/24 hours)
JASMY_USDT_data.csv,2021-02-04 (2/24 hours)
JASMY_USDT_data.csv,2021-02-20 (23/24 hours)
JASMY_USDT_data.csv,2021-03-18 (9/24 hours)
JASMY_USDT_data.csv,2021-06-30 (10/24 hours)
JASMY_USDT_data.csv,2022-10-01 (15/24 hours)
JASMY_USDT_data.csv,2024-05-09 (21/24 hours)
JASMY_USDT_data.csv,2024-07-26 (23/24 hours)
JASMY_USDT_data.csv,2024-08-20 (22/24 hours)
JASMY_USDT_data.csv,2024-10-22 (8/24 hours)
IMX_USDT_data.csv,2021-11-05 (11/24 hours)
IMX_USDT_data.csv,2022-10-01 (22/24 hours)
IMX_USDT_data.csv,2024-05-09 (21/24 hours)
IMX_USDT_data.csv,2024-07-26 (23/24 hours)
IMX_USDT_data.csv,2024-08-20 (22/24 hours)
IMX_USDT_data.csv,2024-10-22 (8/24 hours)
FTN_USDT_data.csv,2023-01-21 (14/24 hours)
FTN_USDT_data.csv,2023-01-23 (2/24 hours)
FTN_USDT_data.csv,2023-01-24 (7/24 hours)
FTN_USDT_data.csv,2023-01-27 (19/24 hours)
FTN_USDT_data.csv,2023-01-28 (14/24 hours)
FTN_USDT_data.csv,2023-01-29 (21/24 hours)
FTN_USDT_data.csv,2023-02-01 (18/24 hours)
FTN_USDT_data.csv,2023-02-02 (16/24 hours)
FTN_USDT_data.csv,2023-02-04 (23/24 hours)
FTN_USDT_data.csv,2023-02-05 (2/24 hours)
FTN_USDT_data.csv,2023-02-07 (22/24 hours)
FTN_USDT_data.csv,2023-02-08 (8/24 hours)
FTN_USDT_data.csv,2023-02-09 (14/24 hours)
FTN_USDT_data.csv,2023-02-10 (2/24 hours)
FTN_USDT_data.csv,2023-02-11 (4/24 hours)
FTN_USDT_data.csv,2023-02-12 (5/24 hours)
FTN_USDT_data.csv,2023-02-13 (19/24 hours)
FTN_USDT_data.csv,2023-02-14 (22/24 hours)
FTN_USDT_data.csv,2023-02-15 (4/24 hours)
FTN_USDT_data.csv,2023-02-16 (9/24 hours)
FTN_USDT_data.csv,2023-02-17 (15/24 hours)
FTN_USDT_data.csv,2023-02-18 (12/24 hours)
FTN_USDT_data.csv,2023-02-19 (10/24 hours)
FTN_USDT_data.csv,2023-02-20 (15/24 hours)
FTN_USDT_data.csv,2023-02-22 (5/24 hours)
FTN_USDT_data.csv,2023-02-24 (22/24 hours)
FTN_USDT_data.csv,2023-02-27 (11/24 hours)
FTN_USDT_data.csv,2023-02-28 (20/24 hours)
FTN_USDT_data.csv,2023-03-01 (21/24 hours)
FTN_USDT_data.csv,2023-03-02 (23/24 hours)
FTN_USDT_data.csv,2023-11-03 (23/24 hours)
FTN_USDT_data.csv,2024-01-09 (23/24 hours)
FTN_USDT_data.csv,2024-01-19 (23/24 hours)
FTN_USDT_data.csv,2024-07-01 (23/24 hours)
FTN_USDT_data.csv,2024-08-13 (23/24 hours)
FTN_USDT_data.csv,2024-08-16 (23/24 hours)
FTN_USDT_data.csv,2024-08-26 (23/24 hours)
FTN_USDT_data.csv,2024-10-09 (23/24 hours)
FTN_USDT_data.csv,2024-10-22 (10/24 hours)
LINK_USDT_data.csv,2021-01-01 (1/24 hours)
LINK_USDT_data.csv,2024-05-04 (14/24 hours)
LINK_USDT_data.csv,2024-05-07 (2/24 hours)
LINK_USDT_data.csv,2024-05-08 (10/24 hours)
LINK_USDT_data.csv,2024-05-09 (21/24 hours)
LINK_USDT_data.csv,2024-07-26 (23/24 hours)
LINK_USDT_data.csv,2024-08-20 (22/24 hours)
LINK_USDT_data.csv,2024-10-19 (11/24 hours)
LINK_USDT_data.csv,2024-10-21 (19/24 hours)
LINK_USDT_data.csv,2024-10-22 (8/24 hours)
GT_USDT_data.csv,2021-01-01 (1/24 hours)
GT_USDT_data.csv,2024-05-05 (15/24 hours)
GT_USDT_data.csv,2024-05-07 (2/24 hours)
GT_USDT_data.csv,2024-05-08 (10/24 hours)
GT_USDT_data.csv,2024-05-09 (21/24 hours)
GT_USDT_data.csv,2024-07-26 (23/24 hours)
GT_USDT_data.csv,2024-08-20 (22/24 hours)
GT_USDT_data.csv,2024-10-22 (8/24 hours)
EGLD_USDT_data.csv,2021-01-01 (1/24 hours)
EGLD_USDT_data.csv,2021-01-10 (21/24 hours)
EGLD_USDT_data.csv,2021-03-25 (23/24 hours)
EGLD_USDT_data.csv,2021-04-17 (21/24 hours)
EGLD_USDT_data.csv,2021-04-26 (23/24 hours)
EGLD_USDT_data.csv,2021-06-01 (23/24 hours)
EGLD_USDT_data.csv,2021-07-01 (23/24 hours)
EGLD_USDT_data.csv,2021-07-06 (23/24 hours)
EGLD_USDT_data.csv,2022-01-27 (23/24 hours)
EGLD_USDT_data.csv,2022-02-11 (20/24 hours)
EGLD_USDT_data.csv,2022-05-20 (19/24 hours)
EGLD_USDT_data.csv,2022-10-04 (23/24 hours)
EGLD_USDT_data.csv,2022-10-07 (20/24 hours)
EGLD_USDT_data.csv,2022-10-08 (17/24 hours)
EGLD_USDT_data.csv,2023-03-02 (23/24 hours)
EGLD_USDT_data.csv,2023-11-03 (23/24 hours)
EGLD_USDT_data.csv,2024-01-09 (23/24 hours)
EGLD_USDT_data.csv,2024-07-26 (23/24 hours)
EGLD_USDT_data.csv,2024-08-20 (22/24 hours)
EGLD_USDT_data.csv,2024-10-22 (8/24 hours)
RAY_USDT_data.csv,2021-02-21 (8/24 hours)
RAY_USDT_data.csv,2021-02-26 (23/24 hours)
RAY_USDT_data.csv,2021-03-25 (23/24 hours)
RAY_USDT_data.csv,2021-04-04 (23/24 hours)
RAY_USDT_data.csv,2021-04-08 (23/24 hours)
RAY_USDT_data.csv,2021-04-15 (23/24 hours)
RAY_USDT_data.csv,2021-04-17 (21/24 hours)
RAY_USDT_data.csv,2021-04-19 (22/24 hours)
RAY_USDT_data.csv,2021-04-20 (23/24 hours)
RAY_USDT_data.csv,2021-04-26 (23/24 hours)
RAY_USDT_data.csv,2021-05-05 (23/24 hours)
RAY_USDT_data.csv,2021-07-01 (23/24 hours)
RAY_USDT_data.csv,2021-07-06 (23/24 hours)
RAY_USDT_data.csv,2022-01-27 (23/24 hours)
RAY_USDT_data.csv,2022-02-11 (20/24 hours)
RAY_USDT_data.csv,2022-05-20 (20/24 hours)
RAY_USDT_data.csv,2022-10-04 (23/24 hours)
RAY_USDT_data.csv,2022-10-07 (20/24 hours)
RAY_USDT_data.csv,2022-10-08 (17/24 hours)
RAY_USDT_data.csv,2023-03-02 (23/24 hours)
RAY_USDT_data.csv,2023-11-03 (23/24 hours)
RAY_USDT_data.csv,2024-10-09 (23/24 hours)
RAY_USDT_data.csv,2024-10-22 (10/24 hours)
RSR_USDT_data.csv,2021-01-01 (1/24 hours)
RSR_USDT_data.csv,2021-01-10 (21/24 hours)
RSR_USDT_data.csv,2021-03-25 (23/24 hours)
RSR_USDT_data.csv,2021-04-17 (22/24 hours)
RSR_USDT_data.csv,2021-06-01 (23/24 hours)
RSR_USDT_data.csv,2021-07-01 (23/24 hours)
RSR_USDT_data.csv,2021-07-06 (23/24 hours)
RSR_USDT_data.csv,2022-01-27 (23/24 hours)
RSR_USDT_data.csv,2022-02-11 (20/24 hours)
RSR_USDT_data.csv,2022-10-01 (23/24 hours)
RSR_USDT_data.csv,2024-05-09 (21/24 hours)
RSR_USDT_data.csv,2024-07-26 (23/24 hours)
RSR_USDT_data.csv,2024-08-20 (22/24 hours)
RSR_USDT_data.csv,2024-10-22 (8/24 hours)
NEO_USDT_data.csv,2021-01-01 (1/24 hours)
NEO_USDT_data.csv,2021-01-10 (21/24 hours)
NEO_USDT_data.csv,2021-03-25 (23/24 hours)
NEO_USDT_data.csv,2021-04-17 (21/24 hours)
NEO_USDT_data.csv,2021-04-26 (23/24 hours)
NEO_USDT_data.csv,2021-05-05 (23/24 hours)
NEO_USDT_data.csv,2021-07-01 (23/24 hours)
NEO_USDT_data.csv,2021-07-06 (23/24 hours)
NEO_USDT_data.csv,2022-01-27 (23/24 hours)
NEO_USDT_data.csv,2022-02-11 (20/24 hours)
NEO_USDT_data.csv,2022-05-20 (19/24 hours)
NEO_USDT_data.csv,2022-10-04 (23/24 hours)
NEO_USDT_data.csv,2022-10-07 (20/24 hours)
NEO_USDT_data.csv,2022-10-08 (17/24 hours)
NEO_USDT_data.csv,2023-03-02 (23/24 hours)
NEO_USDT_data.csv,2023-11-03 (23/24 hours)
NEO_USDT_data.csv,2024-01-09 (23/24 hours)
NEO_USDT_data.csv,2024-08-16 (23/24 hours)
NEO_USDT_data.csv,2024-10-09 (23/24 hours)
NEO_USDT_data.csv,2024-10-22 (10/24 hours)
XLM_USDT_data.csv,2021-01-01 (1/24 hours)
XLM_USDT_data.csv,2021-01-10 (20/24 hours)
XLM_USDT_data.csv,2021-03-25 (23/24 hours)
XLM_USDT_data.csv,2021-04-17 (21/24 hours)
XLM_USDT_data.csv,2021-04-26 (23/24 hours)
XLM_USDT_data.csv,2021-06-01 (23/24 hours)
XLM_USDT_data.csv,2021-07-01 (23/24 hours)
XLM_USDT_data.csv,2021-07-06 (23/24 hours)
XLM_USDT_data.csv,2022-01-27 (23/24 hours)
XLM_USDT_data.csv,2022-02-11 (20/24 hours)
XLM_USDT_data.csv,2022-05-20 (20/24 hours)
XLM_USDT_data.csv,2022-10-04 (23/24 hours)
XLM_USDT_data.csv,2022-10-07 (20/24 hours)
XLM_USDT_data.csv,2022-10-08 (17/24 hours)
XLM_USDT_data.csv,2023-03-02 (23/24 hours)
XLM_USDT_data.csv,2023-11-03 (23/24 hours)
XLM_USDT_data.csv,2024-07-12 (23/24 hours)
XLM_USDT_data.csv,2024-07-25 (23/24 hours)
XLM_USDT_data.csv,2024-08-16 (23/24 hours)
XLM_USDT_data.csv,2024-08-20 (23/24 hours)
XLM_USDT_data.csv,2024-09-15 (23/24 hours)
XLM_USDT_data.csv,2024-10-09 (23/24 hours)
XLM_USDT_data.csv,2024-10-22 (10/24 hours)
BEAM_USDT_data.csv,2023-10-26 (10/24 hours)
BEAM_USDT_data.csv,2023-11-03 (23/24 hours)
BEAM_USDT_data.csv,2024-01-09 (23/24 hours)
BEAM_USDT_data.csv,2024-10-09 (23/24 hours)
BEAM_USDT_data.csv,2024-10-22 (10/24 hours)
OP_USDT_data.csv,2022-10-04 (23/24 hours)
OP_USDT_data.csv,2022-10-07 (20/24 hours)
OP_USDT_data.csv,2022-10-08 (17/24 hours)
OP_USDT_data.csv,2023-03-02 (23/24 hours)
OP_USDT_data.csv,2023-11-03 (23/24 hours)
OP_USDT_data.csv,2024-01-09 (23/24 hours)
OP_USDT_data.csv,2024-07-26 (23/24 hours)
OP_USDT_data.csv,2024-08-20 (22/24 hours)
OP_USDT_data.csv,2024-10-22 (8/24 hours)
IOTX_USDT_data.csv,2021-01-01 (1/24 hours)
IOTX_USDT_data.csv,2022-10-01 (6/24 hours)
IOTX_USDT_data.csv,2022-10-02 (16/24 hours)
IOTX_USDT_data.csv,2023-07-21 (21/24 hours)
IOTX_USDT_data.csv,2024-05-09 (21/24 hours)
IOTX_USDT_data.csv,2024-07-26 (23/24 hours)
IOTX_USDT_data.csv,2024-08-20 (22/24 hours)
IOTX_USDT_data.csv,2024-10-22 (8/24 hours)
SNX_USDT_data.csv,2021-01-01 (1/24 hours)
SNX_USDT_data.csv,2024-05-09 (21/24 hours)
SNX_USDT_data.csv,2024-07-26 (23/24 hours)
SNX_USDT_data.csv,2024-08-20 (22/24 hours)
SNX_USDT_data.csv,2024-10-22 (8/24 hours)
CORE_USDT_data.csv,2023-02-08 (11/24 hours)
CORE_USDT_data.csv,2023-03-02 (23/24 hours)
CORE_USDT_data.csv,2023-11-03 (23/24 hours)
CORE_USDT_data.csv,2024-01-09 (23/24 hours)
CORE_USDT_data.csv,2024-07-02 (23/24 hours)
CORE_USDT_data.csv,2024-09-19 (23/24 hours)
CORE_USDT_data.csv,2024-10-09 (23/24 hours)
CORE_USDT_data.csv,2024-10-22 (10/24 hours)
ICP_USDT_data.csv,2021-05-10 (7/24 hours)
ICP_USDT_data.csv,2021-07-01 (23/24 hours)
ICP_USDT_data.csv,2021-07-06 (23/24 hours)
ICP_USDT_data.csv,2022-01-27 (23/24 hours)
ICP_USDT_data.csv,2022-02-11 (20/24 hours)
ICP_USDT_data.csv,2022-03-02 (23/24 hours)
ICP_USDT_data.csv,2022-05-20 (20/24 hours)
ICP_USDT_data.csv,2022-10-04 (23/24 hours)
ICP_USDT_data.csv,2022-10-07 (20/24 hours)
ICP_USDT_data.csv,2022-10-08 (17/24 hours)
ICP_USDT_data.csv,2023-03-02 (23/24 hours)
ICP_USDT_data.csv,2023-11-03 (23/24 hours)
ICP_USDT_data.csv,2024-01-09 (23/24 hours)
ICP_USDT_data.csv,2024-10-09 (23/24 hours)
ICP_USDT_data.csv,2024-10-22 (10/24 hours)
DOT_USDT_data.csv,2021-01-01 (1/24 hours)
DOT_USDT_data.csv,2021-01-10 (21/24 hours)
DOT_USDT_data.csv,2021-03-25 (23/24 hours)
DOT_USDT_data.csv,2021-04-17 (21/24 hours)
DOT_USDT_data.csv,2024-07-26 (23/24 hours)
DOT_USDT_data.csv,2024-08-20 (22/24 hours)
DOT_USDT_data.csv,2024-10-22 (8/24 hours)
OKB_USDT_data.csv,2021-01-01 (1/24 hours)
OKB_USDT_data.csv,2021-12-12 (23/24 hours)
OKB_USDT_data.csv,2022-10-01 (7/24 hours)
OKB_USDT_data.csv,2022-10-07 (16/24 hours)
OKB_USDT_data.csv,2023-07-21 (10/24 hours)
OKB_USDT_data.csv,2023-07-23 (9/24 hours)
OKB_USDT_data.csv,2024-05-09 (21/24 hours)
OKB_USDT_data.csv,2024-05-15 (23/24 hours)
OKB_USDT_data.csv,2024-05-27 (17/24 hours)
OKB_USDT_data.csv,2024-05-28 (12/24 hours)
OKB_USDT_data.csv,2024-05-29 (23/24 hours)
OKB_USDT_data.csv,2024-05-30 (21/24 hours)
OKB_USDT_data.csv,2024-07-26 (23/24 hours)
OKB_USDT_data.csv,2024-08-20 (22/24 hours)
OKB_USDT_data.csv,2024-10-22 (8/24 hours)
FLR_USDT_data.csv,2023-01-10 (20/24 hours)
FLR_USDT_data.csv,2023-03-02 (23/24 hours)
FLR_USDT_data.csv,2023-11-03 (23/24 hours)
FLR_USDT_data.csv,2024-01-09 (23/24 hours)
FLR_USDT_data.csv,2024-08-13 (23/24 hours)
FLR_USDT_data.csv,2024-10-09 (23/24 hours)
FLR_USDT_data.csv,2024-10-22 (10/24 hours)
KCS_USDT_data.csv,2021-01-01 (1/24 hours)
KCS_USDT_data.csv,2021-01-10 (20/24 hours)
KCS_USDT_data.csv,2021-02-20 (23/24 hours)
KCS_USDT_data.csv,2021-03-25 (23/24 hours)
KCS_USDT_data.csv,2021-04-17 (21/24 hours)
KCS_USDT_data.csv,2021-05-05 (23/24 hours)
KCS_USDT_data.csv,2021-07-01 (23/24 hours)
KCS_USDT_data.csv,2021-07-06 (23/24 hours)
KCS_USDT_data.csv,2021-12-12 (5/24 hours)
KCS_USDT_data.csv,2021-12-13 (17/24 hours)
KCS_USDT_data.csv,2022-10-01 (8/24 hours)
KCS_USDT_data.csv,2022-10-02 (22/24 hours)
KCS_USDT_data.csv,2023-07-21 (10/24 hours)
KCS_USDT_data.csv,2023-07-22 (4/24 hours)
KCS_USDT_data.csv,2024-05-09 (21/24 hours)
KCS_USDT_data.csv,2024-07-26 (23/24 hours)
KCS_USDT_data.csv,2024-08-20 (22/24 hours)
KCS_USDT_data.csv,2024-10-22 (8/24 hours)
RON_USDT_data.csv,2022-01-27 (10/24 hours)
RON_USDT_data.csv,2022-02-11 (20/24 hours)
RON_USDT_data.csv,2022-05-20 (19/24 hours)
RON_USDT_data.csv,2022-10-04 (22/24 hours)
RON_USDT_data.csv,2022-10-07 (20/24 hours)
RON_USDT_data.csv,2022-10-08 (17/24 hours)
RON_USDT_data.csv,2023-03-02 (23/24 hours)
RON_USDT_data.csv,2023-11-03 (23/24 hours)
RON_USDT_data.csv,2024-01-09 (23/24 hours)
RON_USDT_data.csv,2024-09-15 (23/24 hours)
RON_USDT_data.csv,2024-10-09 (23/24 hours)
RON_USDT_data.csv,2024-10-22 (10/24 hours)
ENS_USDT_data.csv,2023-07-21 (23/24 hours)
ENS_USDT_data.csv,2024-05-09 (21/24 hours)
ENS_USDT_data.csv,2024-07-26 (23/24 hours)
ENS_USDT_data.csv,2024-08-20 (22/24 hours)
ENS_USDT_data.csv,2024-10-22 (8/24 hours)
APT_USDT_data.csv,2022-10-19 (22/24 hours)
APT_USDT_data.csv,2023-03-02 (23/24 hours)
APT_USDT_data.csv,2023-11-03 (23/24 hours)
APT_USDT_data.csv,2024-01-09 (23/24 hours)
APT_USDT_data.csv,2024-10-09 (23/24 hours)
APT_USDT_data.csv,2024-10-22 (10/24 hours)
NEAR_USDT_data.csv,2021-01-01 (1/24 hours)
NEAR_USDT_data.csv,2021-01-10 (21/24 hours)
NEAR_USDT_data.csv,2021-01-27 (23/24 hours)
NEAR_USDT_data.csv,2021-03-25 (23/24 hours)
NEAR_USDT_data.csv,2021-04-04 (23/24 hours)
NEAR_USDT_data.csv,2021-04-08 (23/24 hours)
NEAR_USDT_data.csv,2021-04-17 (21/24 hours)
NEAR_USDT_data.csv,2021-04-19 (23/24 hours)
NEAR_USDT_data.csv,2021-04-26 (23/24 hours)
NEAR_USDT_data.csv,2024-05-07 (2/24 hours)
NEAR_USDT_data.csv,2024-05-08 (10/24 hours)
NEAR_USDT_data.csv,2024-05-09 (21/24 hours)
NEAR_USDT_data.csv,2024-07-26 (23/24 hours)
NEAR_USDT_data.csv,2024-08-20 (22/24 hours)
NEAR_USDT_data.csv,2024-10-22 (8/24 hours)
MKR_USDT_data.csv,2021-01-01 (1/24 hours)
MKR_USDT_data.csv,2024-05-09 (21/24 hours)
MKR_USDT_data.csv,2024-07-26 (23/24 hours)
MKR_USDT_data.csv,2024-08-20 (22/24 hours)
MKR_USDT_data.csv,2024-10-22 (8/24 hours)
XMR_USDT_data.csv,2021-01-01 (1/24 hours)
XMR_USDT_data.csv,2021-01-10 (22/24 hours)
XMR_USDT_data.csv,2021-02-20 (23/24 hours)
XMR_USDT_data.csv,2021-03-25 (23/24 hours)
XMR_USDT_data.csv,2021-04-17 (21/24 hours)
XMR_USDT_data.csv,2021-04-26 (23/24 hours)
XMR_USDT_data.csv,2021-06-01 (23/24 hours)
XMR_USDT_data.csv,2021-07-01 (23/24 hours)
XMR_USDT_data.csv,2021-07-06 (23/24 hours)
XMR_USDT_data.csv,2022-01-27 (23/24 hours)
XMR_USDT_data.csv,2022-02-11 (20/24 hours)
XMR_USDT_data.csv,2022-05-20 (20/24 hours)
XMR_USDT_data.csv,2022-10-04 (23/24 hours)
XMR_USDT_data.csv,2022-10-07 (20/24 hours)
XMR_USDT_data.csv,2022-10-08 (18/24 hours)
XMR_USDT_data.csv,2023-03-02 (23/24 hours)
XMR_USDT_data.csv,2023-11-03 (23/24 hours)
XMR_USDT_data.csv,2024-01-09 (23/24 hours)
XMR_USDT_data.csv,2024-09-02 (23/24 hours)
XMR_USDT_data.csv,2024-10-04 (23/24 hours)
XMR_USDT_data.csv,2024-10-09 (23/24 hours)
XMR_USDT_data.csv,2024-10-22 (10/24 hours)
QNT_USDT_data.csv,2021-01-01 (1/24 hours)
QNT_USDT_data.csv,2024-05-09 (21/24 hours)
QNT_USDT_data.csv,2024-07-26 (23/24 hours)
QNT_USDT_data.csv,2024-08-20 (22/24 hours)
QNT_USDT_data.csv,2024-10-22 (8/24 hours)
HNT_USDT_data.csv,2021-01-01 (1/24 hours)
HNT_USDT_data.csv,2021-01-10 (21/24 hours)
HNT_USDT_data.csv,2021-01-27 (23/24 hours)
HNT_USDT_data.csv,2021-02-20 (23/24 hours)
HNT_USDT_data.csv,2021-02-26 (23/24 hours)
HNT_USDT_data.csv,2021-03-25 (23/24 hours)
HNT_USDT_data.csv,2021-04-17 (21/24 hours)
HNT_USDT_data.csv,2021-04-19 (23/24 hours)
HNT_USDT_data.csv,2021-04-26 (23/24 hours)
HNT_USDT_data.csv,2021-06-01 (23/24 hours)
HNT_USDT_data.csv,2021-06-11 (23/24 hours)
HNT_USDT_data.csv,2021-07-01 (23/24 hours)
HNT_USDT_data.csv,2021-07-06 (23/24 hours)
HNT_USDT_data.csv,2022-01-27 (23/24 hours)
HNT_USDT_data.csv,2022-02-11 (20/24 hours)
HNT_USDT_data.csv,2022-05-20 (19/24 hours)
HNT_USDT_data.csv,2022-10-04 (23/24 hours)
HNT_USDT_data.csv,2022-10-07 (20/24 hours)
HNT_USDT_data.csv,2022-10-08 (17/24 hours)
HNT_USDT_data.csv,2023-02-03 (23/24 hours)
HNT_USDT_data.csv,2023-03-02 (23/24 hours)
HNT_USDT_data.csv,2023-11-03 (23/24 hours)
HNT_USDT_data.csv,2024-01-09 (23/24 hours)
HNT_USDT_data.csv,2024-05-19 (23/24 hours)
HNT_USDT_data.csv,2024-10-09 (23/24 hours)
HNT_USDT_data.csv,2024-10-22 (10/24 hours)
FLOW_USDT_data.csv,2021-01-27 (9/24 hours)
FLOW_USDT_data.csv,2021-03-25 (23/24 hours)
FLOW_USDT_data.csv,2021-04-04 (23/24 hours)
FLOW_USDT_data.csv,2021-04-08 (23/24 hours)
FLOW_USDT_data.csv,2021-04-15 (23/24 hours)
FLOW_USDT_data.csv,2021-04-17 (21/24 hours)
FLOW_USDT_data.csv,2021-04-19 (22/24 hours)
FLOW_USDT_data.csv,2021-04-20 (23/24 hours)
FLOW_USDT_data.csv,2021-04-26 (23/24 hours)
FLOW_USDT_data.csv,2021-05-05 (23/24 hours)
FLOW_USDT_data.csv,2021-05-10 (23/24 hours)
FLOW_USDT_data.csv,2021-06-01 (23/24 hours)
FLOW_USDT_data.csv,2021-07-01 (23/24 hours)
FLOW_USDT_data.csv,2021-07-06 (23/24 hours)
FLOW_USDT_data.csv,2022-01-27 (23/24 hours)
FLOW_USDT_data.csv,2022-10-01 (16/24 hours)
FLOW_USDT_data.csv,2023-07-21 (13/24 hours)
FLOW_USDT_data.csv,2024-05-09 (21/24 hours)
FLOW_USDT_data.csv,2024-07-26 (23/24 hours)
FLOW_USDT_data.csv,2024-08-20 (22/24 hours)
FLOW_USDT_data.csv,2024-10-22 (8/24 hours)
BCH_USDT_data.csv,2021-01-01 (1/24 hours)
BCH_USDT_data.csv,2021-01-10 (21/24 hours)
BCH_USDT_data.csv,2021-01-27 (23/24 hours)
BCH_USDT_data.csv,2021-03-25 (23/24 hours)
BCH_USDT_data.csv,2021-04-04 (23/24 hours)
BCH_USDT_data.csv,2021-04-17 (20/24 hours)
BCH_USDT_data.csv,2024-07-26 (23/24 hours)
BCH_USDT_data.csv,2024-08-20 (22/24 hours)
BCH_USDT_data.csv,2024-10-22 (8/24 hours)
ASTR_USDT_data.csv,2022-01-17 (10/24 hours)
ASTR_USDT_data.csv,2022-01-27 (23/24 hours)
ASTR_USDT_data.csv,2022-02-11 (20/24 hours)
ASTR_USDT_data.csv,2022-05-20 (19/24 hours)
ASTR_USDT_data.csv,2022-10-04 (23/24 hours)
ASTR_USDT_data.csv,2022-10-07 (20/24 hours)
ASTR_USDT_data.csv,2022-10-08 (17/24 hours)
ASTR_USDT_data.csv,2023-03-02 (23/24 hours)
ASTR_USDT_data.csv,2023-11-03 (23/24 hours)
ASTR_USDT_data.csv,2024-07-26 (23/24 hours)
ASTR_USDT_data.csv,2024-08-20 (22/24 hours)
ASTR_USDT_data.csv,2024-10-22 (8/24 hours)
SEI_USDT_data.csv,2023-08-15 (11/24 hours)
SEI_USDT_data.csv,2023-11-03 (23/24 hours)
SEI_USDT_data.csv,2024-01-09 (23/24 hours)
SEI_USDT_data.csv,2024-08-02 (23/24 hours)
SEI_USDT_data.csv,2024-09-15 (23/24 hours)
SEI_USDT_data.csv,2024-10-09 (23/24 hours)
SEI_USDT_data.csv,2024-10-22 (10/24 hours)
GMT_USDT_data.csv,2022-07-07 (2/24 hours)
GMT_USDT_data.csv,2024-05-09 (21/24 hours)
GMT_USDT_data.csv,2024-07-26 (23/24 hours)
GMT_USDT_data.csv,2024-08-20 (22/24 hours)
GMT_USDT_data.csv,2024-10-22 (8/24 hours)
RUNE_USDT_data.csv,2021-01-01 (1/24 hours)
RUNE_USDT_data.csv,2021-01-10 (21/24 hours)
RUNE_USDT_data.csv,2021-02-20 (23/24 hours)
RUNE_USDT_data.csv,2021-03-25 (23/24 hours)
RUNE_USDT_data.csv,2021-04-17 (22/24 hours)
RUNE_USDT_data.csv,2021-04-26 (23/24 hours)
RUNE_USDT_data.csv,2021-07-01 (23/24 hours)
RUNE_USDT_data.csv,2021-07-06 (23/24 hours)
RUNE_USDT_data.csv,2022-01-27 (23/24 hours)
RUNE_USDT_data.csv,2022-02-11 (20/24 hours)
RUNE_USDT_data.csv,2022-05-20 (20/24 hours)
RUNE_USDT_data.csv,2022-10-04 (23/24 hours)
RUNE_USDT_data.csv,2022-10-07 (20/24 hours)
RUNE_USDT_data.csv,2022-10-08 (17/24 hours)
RUNE_USDT_data.csv,2023-03-02 (23/24 hours)
RUNE_USDT_data.csv,2023-11-03 (23/24 hours)
RUNE_USDT_data.csv,2024-01-09 (23/24 hours)
RUNE_USDT_data.csv,2024-10-09 (23/24 hours)
RUNE_USDT_data.csv,2024-10-11 (23/24 hours)
RUNE_USDT_data.csv,2024-10-22 (10/24 hours)
XRP_USDT_data.csv,2021-01-01 (1/24 hours)
XRP_USDT_data.csv,2021-01-10 (20/24 hours)
XRP_USDT_data.csv,2021-03-25 (23/24 hours)
XRP_USDT_data.csv,2021-04-17 (21/24 hours)
XRP_USDT_data.csv,2024-05-07 (2/24 hours)
XRP_USDT_data.csv,2024-05-08 (10/24 hours)
XRP_USDT_data.csv,2024-05-09 (21/24 hours)
XRP_USDT_data.csv,2024-07-26 (23/24 hours)
XRP_USDT_data.csv,2024-08-20 (22/24 hours)
XRP_USDT_data.csv,2024-10-22 (8/24 hours)
HBAR_USDT_data.csv,2021-01-01 (1/24 hours)
HBAR_USDT_data.csv,2021-01-10 (20/24 hours)
HBAR_USDT_data.csv,2021-03-25 (23/24 hours)
HBAR_USDT_data.csv,2021-04-17 (22/24 hours)
HBAR_USDT_data.csv,2021-04-26 (23/24 hours)
HBAR_USDT_data.csv,2021-06-01 (23/24 hours)
HBAR_USDT_data.csv,2021-07-01 (23/24 hours)
HBAR_USDT_data.csv,2021-07-06 (23/24 hours)
HBAR_USDT_data.csv,2022-01-27 (23/24 hours)
HBAR_USDT_data.csv,2022-02-11 (20/24 hours)
HBAR_USDT_data.csv,2022-05-20 (19/24 hours)
HBAR_USDT_data.csv,2022-10-04 (23/24 hours)
HBAR_USDT_data.csv,2022-10-07 (20/24 hours)
HBAR_USDT_data.csv,2022-10-08 (17/24 hours)
HBAR_USDT_data.csv,2023-03-02 (23/24 hours)
HBAR_USDT_data.csv,2023-11-03 (23/24 hours)
HBAR_USDT_data.csv,2024-01-09 (23/24 hours)
HBAR_USDT_data.csv,2024-07-26 (23/24 hours)
HBAR_USDT_data.csv,2024-08-20 (22/24 hours)
HBAR_USDT_data.csv,2024-10-22 (8/24 hours)
BTT_USDT_data.csv,2022-01-21 (20/24 hours)
BTT_USDT_data.csv,2022-01-27 (23/24 hours)
BTT_USDT_data.csv,2022-02-11 (20/24 hours)
BTT_USDT_data.csv,2022-05-20 (20/24 hours)
BTT_USDT_data.csv,2022-10-04 (23/24 hours)
BTT_USDT_data.csv,2022-10-07 (20/24 hours)
BTT_USDT_data.csv,2022-10-08 (17/24 hours)
BTT_USDT_data.csv,2023-03-02 (23/24 hours)
BTT_USDT_data.csv,2023-11-03 (23/24 hours)
BTT_USDT_data.csv,2024-01-09 (23/24 hours)
BTT_USDT_data.csv,2024-09-14 (23/24 hours)
BTT_USDT_data.csv,2024-10-09 (23/24 hours)
BTT_USDT_data.csv,2024-10-22 (10/24 hours)
ETC_USDT_data.csv,2021-01-01 (1/24 hours)
ETC_USDT_data.csv,2021-01-10 (22/24 hours)
ETC_USDT_data.csv,2021-01-25 (23/24 hours)
ETC_USDT_data.csv,2021-01-27 (23/24 hours)
ETC_USDT_data.csv,2021-02-20 (23/24 hours)
ETC_USDT_data.csv,2021-03-25 (23/24 hours)
ETC_USDT_data.csv,2021-04-08 (23/24 hours)
ETC_USDT_data.csv,2021-04-17 (21/24 hours)
ETC_USDT_data.csv,2021-04-26 (23/24 hours)
ETC_USDT_data.csv,2021-07-01 (23/24 hours)
ETC_USDT_data.csv,2021-07-06 (23/24 hours)
ETC_USDT_data.csv,2022-01-27 (23/24 hours)
ETC_USDT_data.csv,2022-02-11 (20/24 hours)
ETC_USDT_data.csv,2022-05-20 (19/24 hours)
ETC_USDT_data.csv,2022-10-04 (23/24 hours)
ETC_USDT_data.csv,2022-10-07 (20/24 hours)
ETC_USDT_data.csv,2022-10-08 (17/24 hours)
ETC_USDT_data.csv,2023-03-02 (23/24 hours)
ETC_USDT_data.csv,2023-11-03 (23/24 hours)
ETC_USDT_data.csv,2024-01-09 (23/24 hours)
ETC_USDT_data.csv,2024-07-26 (23/24 hours)
ETC_USDT_data.csv,2024-08-20 (22/24 hours)
ETC_USDT_data.csv,2024-10-22 (8/24 hours)
CRV_USDT_data.csv,2021-01-01 (1/24 hours)
CRV_USDT_data.csv,2024-05-05 (15/24 hours)
CRV_USDT_data.csv,2024-05-07 (2/24 hours)
CRV_USDT_data.csv,2024-05-08 (10/24 hours)
CRV_USDT_data.csv,2024-05-09 (21/24 hours)
CRV_USDT_data.csv,2024-07-26 (23/24 hours)
CRV_USDT_data.csv,2024-08-20 (22/24 hours)
CRV_USDT_data.csv,2024-10-22 (8/24 hours)
1INCH_USDT_data.csv,2021-01-01 (1/24 hours)
1INCH_USDT_data.csv,2024-05-09 (21/24 hours)
1INCH_USDT_data.csv,2024-07-26 (23/24 hours)
1INCH_USDT_data.csv,2024-08-20 (22/24 hours)
1INCH_USDT_data.csv,2024-10-22 (8/24 hours)
XDC_USDT_data.csv,2021-01-01 (1/24 hours)
XDC_USDT_data.csv,2021-01-10 (21/24 hours)
XDC_USDT_data.csv,2021-02-20 (23/24 hours)
XDC_USDT_data.csv,2021-02-22 (23/24 hours)
XDC_USDT_data.csv,2021-02-26 (23/24 hours)
XDC_USDT_data.csv,2021-03-25 (23/24 hours)
XDC_USDT_data.csv,2021-04-17 (21/24 hours)
XDC_USDT_data.csv,2021-04-26 (23/24 hours)
XDC_USDT_data.csv,2021-05-05 (23/24 hours)
XDC_USDT_data.csv,2021-06-01 (23/24 hours)
XDC_USDT_data.csv,2021-07-01 (23/24 hours)
XDC_USDT_data.csv,2021-07-06 (23/24 hours)
XDC_USDT_data.csv,2022-01-27 (23/24 hours)
XDC_USDT_data.csv,2022-02-11 (20/24 hours)
XDC_USDT_data.csv,2022-04-21 (23/24 hours)
XDC_USDT_data.csv,2022-05-20 (19/24 hours)
XDC_USDT_data.csv,2022-10-04 (23/24 hours)
XDC_USDT_data.csv,2022-10-07 (20/24 hours)
XDC_USDT_data.csv,2022-10-08 (17/24 hours)
XDC_USDT_data.csv,2023-03-02 (23/24 hours)
XDC_USDT_data.csv,2023-11-03 (23/24 hours)
XDC_USDT_data.csv,2024-01-09 (23/24 hours)
XDC_USDT_data.csv,2024-08-04 (23/24 hours)
XDC_USDT_data.csv,2024-10-09 (23/24 hours)
XDC_USDT_data.csv,2024-10-16 (23/24 hours)
XDC_USDT_data.csv,2024-10-22 (10/24 hours)
ROSE_USDT_data.csv,2021-01-01 (1/24 hours)
ROSE_USDT_data.csv,2021-01-10 (21/24 hours)
ROSE_USDT_data.csv,2021-01-27 (23/24 hours)
ROSE_USDT_data.csv,2021-02-20 (23/24 hours)
ROSE_USDT_data.csv,2021-02-22 (23/24 hours)
ROSE_USDT_data.csv,2021-02-26 (23/24 hours)
ROSE_USDT_data.csv,2021-03-25 (23/24 hours)
ROSE_USDT_data.csv,2021-04-04 (23/24 hours)
ROSE_USDT_data.csv,2021-04-17 (21/24 hours)
ROSE_USDT_data.csv,2021-04-19 (23/24 hours)
ROSE_USDT_data.csv,2021-04-26 (23/24 hours)
ROSE_USDT_data.csv,2021-06-01 (23/24 hours)
ROSE_USDT_data.csv,2021-07-01 (23/24 hours)
ROSE_USDT_data.csv,2021-07-06 (23/24 hours)
ROSE_USDT_data.csv,2022-01-27 (23/24 hours)
ROSE_USDT_data.csv,2022-02-11 (20/24 hours)
ROSE_USDT_data.csv,2022-05-20 (19/24 hours)
ROSE_USDT_data.csv,2022-10-04 (23/24 hours)
ROSE_USDT_data.csv,2022-10-07 (20/24 hours)
ROSE_USDT_data.csv,2022-10-08 (17/24 hours)
ROSE_USDT_data.csv,2023-03-02 (23/24 hours)
ROSE_USDT_data.csv,2023-11-03 (23/24 hours)
ROSE_USDT_data.csv,2024-01-09 (23/24 hours)
ROSE_USDT_data.csv,2024-07-26 (23/24 hours)
ROSE_USDT_data.csv,2024-08-07 (16/24 hours)
ROSE_USDT_data.csv,2024-08-09 (1/24 hours)
ROSE_USDT_data.csv,2024-08-10 (3/24 hours)
ROSE_USDT_data.csv,2024-08-12 (23/24 hours)
ROSE_USDT_data.csv,2024-08-18 (7/24 hours)
ROSE_USDT_data.csv,2024-08-19 (23/24 hours)
ROSE_USDT_data.csv,2024-08-20 (22/24 hours)
ROSE_USDT_data.csv,2024-09-05 (17/24 hours)
ROSE_USDT_data.csv,2024-09-06 (23/24 hours)
ROSE_USDT_data.csv,2024-09-21 (15/24 hours)
ROSE_USDT_data.csv,2024-10-02 (10/24 hours)
ROSE_USDT_data.csv,2024-10-03 (22/24 hours)
ROSE_USDT_data.csv,2024-10-04 (8/24 hours)
ROSE_USDT_data.csv,2024-10-05 (23/24 hours)
ROSE_USDT_data.csv,2024-10-19 (11/24 hours)
ROSE_USDT_data.csv,2024-10-20 (19/24 hours)
ROSE_USDT_data.csv,2024-10-22 (6/24 hours)
MOG_USDT_data.csv,2023-07-20 (21/24 hours)
MOG_USDT_data.csv,2024-05-09 (21/24 hours)
MOG_USDT_data.csv,2024-07-26 (23/24 hours)
MOG_USDT_data.csv,2024-08-20 (22/24 hours)
MOG_USDT_data.csv,2024-10-22 (8/24 hours)
BTG_USDT_data.csv,2021-01-01 (1/24 hours)
BTG_USDT_data.csv,2021-01-10 (21/24 hours)
BTG_USDT_data.csv,2021-01-27 (23/24 hours)
BTG_USDT_data.csv,2021-02-20 (23/24 hours)
BTG_USDT_data.csv,2021-03-25 (23/24 hours)
BTG_USDT_data.csv,2021-04-04 (23/24 hours)
BTG_USDT_data.csv,2021-04-08 (23/24 hours)
BTG_USDT_data.csv,2021-04-15 (23/24 hours)
BTG_USDT_data.csv,2021-04-17 (21/24 hours)
BTG_USDT_data.csv,2021-04-19 (22/24 hours)
BTG_USDT_data.csv,2021-04-20 (23/24 hours)
BTG_USDT_data.csv,2021-04-26 (23/24 hours)
BTG_USDT_data.csv,2021-05-05 (23/24 hours)
BTG_USDT_data.csv,2021-05-10 (23/24 hours)
BTG_USDT_data.csv,2021-07-01 (23/24 hours)
BTG_USDT_data.csv,2021-07-06 (23/24 hours)
BTG_USDT_data.csv,2022-01-27 (23/24 hours)
BTG_USDT_data.csv,2022-02-11 (20/24 hours)
BTG_USDT_data.csv,2022-04-21 (23/24 hours)
BTG_USDT_data.csv,2022-05-20 (20/24 hours)
BTG_USDT_data.csv,2022-10-04 (23/24 hours)
BTG_USDT_data.csv,2022-10-07 (20/24 hours)
BTG_USDT_data.csv,2022-10-08 (17/24 hours)
BTG_USDT_data.csv,2023-03-02 (23/24 hours)
BTG_USDT_data.csv,2023-11-03 (23/24 hours)
BTG_USDT_data.csv,2024-01-19 (23/24 hours)
BTG_USDT_data.csv,2024-10-09 (23/24 hours)
BTG_USDT_data.csv,2024-10-22 (9/24 hours)
CRO_USDT_data.csv,2021-01-01 (1/24 hours)
CRO_USDT_data.csv,2021-12-12 (5/24 hours)
CRO_USDT_data.csv,2022-10-01 (18/24 hours)
CRO_USDT_data.csv,2024-05-09 (21/24 hours)
CRO_USDT_data.csv,2024-07-26 (23/24 hours)
CRO_USDT_data.csv,2024-08-20 (22/24 hours)
CRO_USDT_data.csv,2024-10-22 (8/24 hours)
KSM_USDT_data.csv,2021-01-01 (1/24 hours)
KSM_USDT_data.csv,2021-01-10 (21/24 hours)
KSM_USDT_data.csv,2021-02-20 (23/24 hours)
KSM_USDT_data.csv,2021-03-25 (23/24 hours)
KSM_USDT_data.csv,2021-04-04 (23/24 hours)
KSM_USDT_data.csv,2021-04-17 (21/24 hours)
KSM_USDT_data.csv,2021-04-26 (23/24 hours)
KSM_USDT_data.csv,2021-05-05 (23/24 hours)
KSM_USDT_data.csv,2021-06-01 (23/24 hours)
KSM_USDT_data.csv,2021-06-11 (23/24 hours)
KSM_USDT_data.csv,2021-07-01 (23/24 hours)
KSM_USDT_data.csv,2021-07-06 (23/24 hours)
KSM_USDT_data.csv,2022-01-27 (23/24 hours)
KSM_USDT_data.csv,2022-02-11 (20/24 hours)
KSM_USDT_data.csv,2022-05-20 (20/24 hours)
KSM_USDT_data.csv,2022-10-04 (23/24 hours)
KSM_USDT_data.csv,2022-10-07 (20/24 hours)
KSM_USDT_data.csv,2022-10-08 (17/24 hours)
KSM_USDT_data.csv,2023-03-02 (23/24 hours)
KSM_USDT_data.csv,2023-11-03 (23/24 hours)
KSM_USDT_data.csv,2024-01-09 (23/24 hours)
KSM_USDT_data.csv,2024-07-26 (23/24 hours)
KSM_USDT_data.csv,2024-08-20 (22/24 hours)
KSM_USDT_data.csv,2024-10-22 (8/24 hours)
TURBO_USDT_data.csv,2023-04-29 (18/24 hours)
TURBO_USDT_data.csv,2024-05-08 (23/24 hours)
TURBO_USDT_data.csv,2024-05-09 (21/24 hours)
TURBO_USDT_data.csv,2024-07-26 (23/24 hours)
TURBO_USDT_data.csv,2024-08-20 (22/24 hours)
TURBO_USDT_data.csv,2024-10-22 (8/24 hours)
AXL_USDT_data.csv,2022-09-27 (9/24 hours)
AXL_USDT_data.csv,2024-05-09 (22/24 hours)
AXL_USDT_data.csv,2024-07-26 (23/24 hours)
AXL_USDT_data.csv,2024-08-20 (22/24 hours)
AXL_USDT_data.csv,2024-10-22 (8/24 hours)
TRVL_USDT_data.csv,2021-11-26 (9/24 hours)
TRVL_USDT_data.csv,2024-05-09 (21/24 hours)
TRVL_USDT_data.csv,2024-07-26 (23/24 hours)
TRVL_USDT_data.csv,2024-08-20 (22/24 hours)
TRVL_USDT_data.csv,2024-10-22 (8/24 hours)
LPT_USDT_data.csv,2021-01-01 (1/24 hours)
LPT_USDT_data.csv,2021-02-22 (17/24 hours)
LPT_USDT_data.csv,2023-07-21 (19/24 hours)
LPT_USDT_data.csv,2024-05-09 (21/24 hours)
LPT_USDT_data.csv,2024-07-26 (23/24 hours)
LPT_USDT_data.csv,2024-08-20 (22/24 hours)
LPT_USDT_data.csv,2024-10-22 (8/24 hours)
EOS_USDT_data.csv,2021-01-01 (1/24 hours)
EOS_USDT_data.csv,2021-01-10 (20/24 hours)
EOS_USDT_data.csv,2021-03-25 (23/24 hours)
EOS_USDT_data.csv,2021-04-04 (23/24 hours)
EOS_USDT_data.csv,2021-04-17 (22/24 hours)
EOS_USDT_data.csv,2021-04-26 (23/24 hours)
EOS_USDT_data.csv,2021-06-11 (23/24 hours)
EOS_USDT_data.csv,2021-07-01 (23/24 hours)
EOS_USDT_data.csv,2021-07-06 (23/24 hours)
EOS_USDT_data.csv,2022-01-27 (23/24 hours)
EOS_USDT_data.csv,2022-02-11 (20/24 hours)
EOS_USDT_data.csv,2022-05-20 (19/24 hours)
EOS_USDT_data.csv,2022-10-04 (23/24 hours)
EOS_USDT_data.csv,2022-10-07 (20/24 hours)
EOS_USDT_data.csv,2022-10-08 (17/24 hours)
EOS_USDT_data.csv,2023-03-02 (23/24 hours)
EOS_USDT_data.csv,2023-11-03 (23/24 hours)
EOS_USDT_data.csv,2024-01-09 (23/24 hours)
EOS_USDT_data.csv,2024-07-26 (23/24 hours)
EOS_USDT_data.csv,2024-08-20 (22/24 hours)
EOS_USDT_data.csv,2024-10-22 (8/24 hours)
SUI_USDT_data.csv,2023-05-03 (11/24 hours)
SUI_USDT_data.csv,2023-11-03 (23/24 hours)
SUI_USDT_data.csv,2024-01-09 (23/24 hours)
SUI_USDT_data.csv,2024-07-05 (23/24 hours)
SUI_USDT_data.csv,2024-10-09 (23/24 hours)
SUI_USDT_data.csv,2024-10-22 (10/24 hours)
KAVA_USDT_data.csv,2021-01-01 (1/24 hours)
KAVA_USDT_data.csv,2021-01-10 (21/24 hours)
KAVA_USDT_data.csv,2021-01-25 (23/24 hours)
KAVA_USDT_data.csv,2021-02-20 (23/24 hours)
KAVA_USDT_data.csv,2021-02-22 (23/24 hours)
KAVA_USDT_data.csv,2021-02-26 (23/24 hours)
KAVA_USDT_data.csv,2021-03-25 (23/24 hours)
KAVA_USDT_data.csv,2021-04-17 (21/24 hours)
KAVA_USDT_data.csv,2021-04-26 (23/24 hours)
KAVA_USDT_data.csv,2021-05-05 (23/24 hours)
KAVA_USDT_data.csv,2021-07-01 (23/24 hours)
KAVA_USDT_data.csv,2021-07-06 (23/24 hours)
KAVA_USDT_data.csv,2022-01-27 (23/24 hours)
KAVA_USDT_data.csv,2022-02-11 (20/24 hours)
KAVA_USDT_data.csv,2022-05-20 (19/24 hours)
KAVA_USDT_data.csv,2022-10-04 (23/24 hours)
KAVA_USDT_data.csv,2022-10-07 (20/24 hours)
KAVA_USDT_data.csv,2022-10-08 (17/24 hours)
KAVA_USDT_data.csv,2023-03-02 (23/24 hours)
KAVA_USDT_data.csv,2023-11-03 (23/24 hours)
KAVA_USDT_data.csv,2024-01-09 (23/24 hours)
KAVA_USDT_data.csv,2024-08-02 (23/24 hours)
KAVA_USDT_data.csv,2024-09-18 (23/24 hours)
KAVA_USDT_data.csv,2024-10-09 (23/24 hours)
KAVA_USDT_data.csv,2024-10-22 (10/24 hours)
PAXG_USDT_data.csv,2021-01-01 (1/24 hours)
PAXG_USDT_data.csv,2022-10-01 (22/24 hours)
PAXG_USDT_data.csv,2024-05-09 (21/24 hours)
PAXG_USDT_data.csv,2024-07-26 (23/24 hours)
PAXG_USDT_data.csv,2024-08-20 (22/24 hours)
PAXG_USDT_data.csv,2024-10-22 (8/24 hours)
PEOPLE_USDT_data.csv,2021-11-18 (20/24 hours)
PEOPLE_USDT_data.csv,2024-05-05 (16/24 hours)
PEOPLE_USDT_data.csv,2024-05-07 (2/24 hours)
PEOPLE_USDT_data.csv,2024-05-08 (10/24 hours)
PEOPLE_USDT_data.csv,2024-05-09 (21/24 hours)
PEOPLE_USDT_data.csv,2024-07-26 (23/24 hours)
PEOPLE_USDT_data.csv,2024-08-20 (22/24 hours)
PEOPLE_USDT_data.csv,2024-10-22 (8/24 hours)
LEO_USDT_data.csv,2021-01-01 (1/24 hours)
LEO_USDT_data.csv,2021-02-22 (20/24 hours)
LEO_USDT_data.csv,2021-12-12 (16/24 hours)
LEO_USDT_data.csv,2022-10-01 (16/24 hours)
LEO_USDT_data.csv,2023-07-21 (8/24 hours)
LEO_USDT_data.csv,2023-08-03 (1/24 hours)
LEO_USDT_data.csv,2024-05-09 (21/24 hours)
LEO_USDT_data.csv,2024-07-26 (23/24 hours)
LEO_USDT_data.csv,2024-08-20 (22/24 hours)
LEO_USDT_data.csv,2024-10-22 (8/24 hours)
OM_USDT_data.csv,2021-01-01 (1/24 hours)
OM_USDT_data.csv,2022-10-01 (9/24 hours)
OM_USDT_data.csv,2022-10-02 (21/24 hours)
OM_USDT_data.csv,2023-07-21 (13/24 hours)
OM_USDT_data.csv,2024-05-09 (22/24 hours)
OM_USDT_data.csv,2024-07-26 (23/24 hours)
OM_USDT_data.csv,2024-08-20 (22/24 hours)
OM_USDT_data.csv,2024-10-22 (8/24 hours)
THETA_USDT_data.csv,2021-01-01 (1/24 hours)
THETA_USDT_data.csv,2021-01-10 (21/24 hours)
THETA_USDT_data.csv,2021-02-20 (23/24 hours)
THETA_USDT_data.csv,2021-02-26 (23/24 hours)
THETA_USDT_data.csv,2021-03-25 (23/24 hours)
THETA_USDT_data.csv,2021-04-17 (21/24 hours)
THETA_USDT_data.csv,2021-04-19 (23/24 hours)
THETA_USDT_data.csv,2021-07-01 (23/24 hours)
THETA_USDT_data.csv,2021-07-06 (23/24 hours)
THETA_USDT_data.csv,2022-01-27 (23/24 hours)
THETA_USDT_data.csv,2022-02-11 (20/24 hours)
THETA_USDT_data.csv,2022-05-20 (20/24 hours)
THETA_USDT_data.csv,2022-10-04 (23/24 hours)
THETA_USDT_data.csv,2022-10-07 (20/24 hours)
THETA_USDT_data.csv,2022-10-08 (17/24 hours)
THETA_USDT_data.csv,2023-03-02 (23/24 hours)
THETA_USDT_data.csv,2023-11-03 (23/24 hours)
THETA_USDT_data.csv,2024-01-09 (23/24 hours)
THETA_USDT_data.csv,2024-09-15 (23/24 hours)
THETA_USDT_data.csv,2024-09-17 (23/24 hours)
THETA_USDT_data.csv,2024-10-09 (23/24 hours)
THETA_USDT_data.csv,2024-10-18 (23/24 hours)
THETA_USDT_data.csv,2024-10-22 (10/24 hours)
DOGE_USDT_data.csv,2021-01-01 (1/24 hours)
DOGE_USDT_data.csv,2021-01-10 (21/24 hours)
DOGE_USDT_data.csv,2021-03-25 (23/24 hours)
DOGE_USDT_data.csv,2021-04-17 (21/24 hours)
DOGE_USDT_data.csv,2024-07-26 (23/24 hours)
DOGE_USDT_data.csv,2024-08-20 (22/24 hours)
DOGE_USDT_data.csv,2024-10-22 (8/24 hours)
ORDI_USDT_data.csv,2023-05-08 (17/24 hours)
ORDI_USDT_data.csv,2023-11-03 (23/24 hours)
ORDI_USDT_data.csv,2024-01-09 (23/24 hours)
ORDI_USDT_data.csv,2024-07-16 (23/24 hours)
ORDI_USDT_data.csv,2024-09-15 (23/24 hours)
ORDI_USDT_data.csv,2024-10-09 (23/24 hours)
ORDI_USDT_data.csv,2024-10-22 (10/24 hours)
SAFE_USDT_data.csv,2024-07-27 (15/24 hours)
SAFE_USDT_data.csv,2024-07-31 (9/24 hours)
SAFE_USDT_data.csv,2024-08-01 (20/24 hours)
SAFE_USDT_data.csv,2024-08-20 (22/24 hours)
SAFE_USDT_data.csv,2024-10-22 (8/24 hours)
SOL_USDT_data.csv,2021-01-01 (1/24 hours)
SOL_USDT_data.csv,2021-01-10 (21/24 hours)
SOL_USDT_data.csv,2021-03-25 (23/24 hours)
SOL_USDT_data.csv,2021-04-17 (21/24 hours)
SOL_USDT_data.csv,2021-06-01 (23/24 hours)
SOL_USDT_data.csv,2021-07-01 (23/24 hours)
SOL_USDT_data.csv,2021-07-06 (23/24 hours)
SOL_USDT_data.csv,2022-01-27 (23/24 hours)
SOL_USDT_data.csv,2022-02-11 (20/24 hours)
SOL_USDT_data.csv,2022-05-20 (19/24 hours)
SOL_USDT_data.csv,2022-10-04 (23/24 hours)
SOL_USDT_data.csv,2022-10-07 (20/24 hours)
SOL_USDT_data.csv,2022-10-08 (17/24 hours)
SOL_USDT_data.csv,2023-03-02 (23/24 hours)
SOL_USDT_data.csv,2023-11-03 (23/24 hours)
SOL_USDT_data.csv,2024-01-09 (23/24 hours)
SOL_USDT_data.csv,2024-07-26 (23/24 hours)
SOL_USDT_data.csv,2024-08-20 (22/24 hours)
SOL_USDT_data.csv,2024-10-22 (8/24 hours)
BLUR_USDT_data.csv,2023-02-14 (6/24 hours)
BLUR_USDT_data.csv,2023-07-21 (18/24 hours)
BLUR_USDT_data.csv,2024-05-09 (21/24 hours)
BLUR_USDT_data.csv,2024-07-26 (23/24 hours)
BLUR_USDT_data.csv,2024-08-20 (22/24 hours)
BLUR_USDT_data.csv,2024-10-22 (8/24 hours)
BSV_USDT_data.csv,2021-01-01 (1/24 hours)
BSV_USDT_data.csv,2021-01-10 (21/24 hours)
BSV_USDT_data.csv,2021-01-27 (23/24 hours)
BSV_USDT_data.csv,2021-02-26 (23/24 hours)
BSV_USDT_data.csv,2021-03-25 (23/24 hours)
BSV_USDT_data.csv,2021-04-04 (23/24 hours)
BSV_USDT_data.csv,2021-04-15 (23/24 hours)
BSV_USDT_data.csv,2021-04-17 (21/24 hours)
BSV_USDT_data.csv,2021-04-26 (23/24 hours)
BSV_USDT_data.csv,2021-05-05 (23/24 hours)
BSV_USDT_data.csv,2021-06-01 (23/24 hours)
BSV_USDT_data.csv,2021-06-10 (23/24 hours)
BSV_USDT_data.csv,2021-06-11 (23/24 hours)
BSV_USDT_data.csv,2021-07-01 (23/24 hours)
BSV_USDT_data.csv,2021-07-06 (23/24 hours)
BSV_USDT_data.csv,2022-01-27 (23/24 hours)
BSV_USDT_data.csv,2022-02-11 (20/24 hours)
BSV_USDT_data.csv,2022-04-21 (23/24 hours)
BSV_USDT_data.csv,2022-05-20 (20/24 hours)
BSV_USDT_data.csv,2022-10-04 (23/24 hours)
BSV_USDT_data.csv,2022-10-07 (20/24 hours)
BSV_USDT_data.csv,2022-10-08 (17/24 hours)
BSV_USDT_data.csv,2023-03-02 (23/24 hours)
BSV_USDT_data.csv,2023-11-03 (23/24 hours)
BSV_USDT_data.csv,2024-01-09 (23/24 hours)
BSV_USDT_data.csv,2024-10-09 (23/24 hours)
BSV_USDT_data.csv,2024-10-22 (10/24 hours)
NMR_USDT_data.csv,2021-01-01 (1/24 hours)
NMR_USDT_data.csv,2024-05-09 (21/24 hours)
NMR_USDT_data.csv,2024-07-26 (23/24 hours)
NMR_USDT_data.csv,2024-08-20 (22/24 hours)
NMR_USDT_data.csv,2024-10-22 (8/24 hours)
IOTA_USDT_data.csv,2021-01-01 (1/24 hours)
IOTA_USDT_data.csv,2021-01-10 (20/24 hours)
IOTA_USDT_data.csv,2021-01-25 (23/24 hours)
IOTA_USDT_data.csv,2021-02-20 (23/24 hours)
IOTA_USDT_data.csv,2021-03-25 (23/24 hours)
IOTA_USDT_data.csv,2021-04-08 (23/24 hours)
IOTA_USDT_data.csv,2021-04-15 (23/24 hours)
IOTA_USDT_data.csv,2021-04-17 (21/24 hours)
IOTA_USDT_data.csv,2021-04-19 (22/24 hours)
IOTA_USDT_data.csv,2021-04-20 (23/24 hours)
IOTA_USDT_data.csv,2021-05-05 (23/24 hours)
IOTA_USDT_data.csv,2021-05-22 (23/24 hours)
IOTA_USDT_data.csv,2021-06-01 (23/24 hours)
IOTA_USDT_data.csv,2021-07-01 (23/24 hours)
IOTA_USDT_data.csv,2021-07-06 (23/24 hours)
IOTA_USDT_data.csv,2022-01-27 (23/24 hours)
IOTA_USDT_data.csv,2022-02-11 (20/24 hours)
IOTA_USDT_data.csv,2022-04-21 (23/24 hours)
IOTA_USDT_data.csv,2022-05-20 (20/24 hours)
IOTA_USDT_data.csv,2022-10-04 (23/24 hours)
IOTA_USDT_data.csv,2022-10-07 (20/24 hours)
IOTA_USDT_data.csv,2022-10-08 (17/24 hours)
IOTA_USDT_data.csv,2023-03-02 (23/24 hours)
IOTA_USDT_data.csv,2023-11-03 (23/24 hours)
IOTA_USDT_data.csv,2024-01-09 (23/24 hours)
IOTA_USDT_data.csv,2024-07-05 (23/24 hours)
IOTA_USDT_data.csv,2024-08-23 (23/24 hours)
IOTA_USDT_data.csv,2024-09-18 (23/24 hours)
IOTA_USDT_data.csv,2024-10-09 (23/24 hours)
IOTA_USDT_data.csv,2024-10-22 (10/24 hours)
ADA_USDT_data.csv,2021-01-01 (1/24 hours)
ADA_USDT_data.csv,2021-01-10 (20/24 hours)
ADA_USDT_data.csv,2021-03-25 (23/24 hours)
ADA_USDT_data.csv,2021-04-17 (21/24 hours)
ADA_USDT_data.csv,2024-07-26 (23/24 hours)
ADA_USDT_data.csv,2024-08-20 (22/24 hours)
ADA_USDT_data.csv,2024-10-22 (8/24 hours)
SFP_USDT_data.csv,2021-02-08 (8/24 hours)
SFP_USDT_data.csv,2021-02-20 (23/24 hours)
SFP_USDT_data.csv,2021-02-22 (23/24 hours)
SFP_USDT_data.csv,2021-02-26 (23/24 hours)
SFP_USDT_data.csv,2021-03-25 (23/24 hours)
SFP_USDT_data.csv,2021-04-15 (23/24 hours)
SFP_USDT_data.csv,2021-04-17 (21/24 hours)
SFP_USDT_data.csv,2021-04-19 (23/24 hours)
SFP_USDT_data.csv,2024-05-05 (16/24 hours)
SFP_USDT_data.csv,2024-05-07 (2/24 hours)
SFP_USDT_data.csv,2024-05-08 (10/24 hours)
SFP_USDT_data.csv,2024-05-09 (21/24 hours)
SFP_USDT_data.csv,2024-07-26 (23/24 hours)
SFP_USDT_data.csv,2024-08-20 (22/24 hours)
SFP_USDT_data.csv,2024-10-22 (8/24 hours)
OSMO_USDT_data.csv,2021-06-28 (19/24 hours)
OSMO_USDT_data.csv,2021-07-01 (23/24 hours)
OSMO_USDT_data.csv,2021-07-06 (23/24 hours)
OSMO_USDT_data.csv,2022-01-27 (23/24 hours)
OSMO_USDT_data.csv,2022-02-11 (20/24 hours)
OSMO_USDT_data.csv,2022-05-20 (19/24 hours)
OSMO_USDT_data.csv,2022-10-04 (23/24 hours)
OSMO_USDT_data.csv,2022-10-07 (20/24 hours)
OSMO_USDT_data.csv,2022-10-08 (17/24 hours)
OSMO_USDT_data.csv,2023-03-02 (23/24 hours)
OSMO_USDT_data.csv,2023-11-03 (23/24 hours)
OSMO_USDT_data.csv,2024-01-09 (23/24 hours)
OSMO_USDT_data.csv,2024-08-20 (23/24 hours)
OSMO_USDT_data.csv,2024-10-09 (23/24 hours)
OSMO_USDT_data.csv,2024-10-22 (10/24 hours)
AIOZ_USDT_data.csv,2021-04-02 (9/24 hours)
AIOZ_USDT_data.csv,2024-05-04 (21/24 hours)
AIOZ_USDT_data.csv,2024-05-07 (2/24 hours)
AIOZ_USDT_data.csv,2024-05-08 (10/24 hours)
AIOZ_USDT_data.csv,2024-05-09 (21/24 hours)
AIOZ_USDT_data.csv,2024-07-26 (23/24 hours)
AIOZ_USDT_data.csv,2024-08-20 (22/24 hours)
AIOZ_USDT_data.csv,2024-10-22 (8/24 hours)
MNT_USDT_data.csv,2023-07-17 (13/24 hours)
MNT_USDT_data.csv,2024-05-09 (21/24 hours)
MNT_USDT_data.csv,2024-07-26 (23/24 hours)
MNT_USDT_data.csv,2024-08-20 (22/24 hours)
MNT_USDT_data.csv,2024-10-22 (8/24 hours)
PENDLE_USDT_data.csv,2024-05-07 (2/24 hours)
PENDLE_USDT_data.csv,2024-05-08 (10/24 hours)
PENDLE_USDT_data.csv,2024-05-09 (21/24 hours)
PENDLE_USDT_data.csv,2024-07-26 (23/24 hours)
PENDLE_USDT_data.csv,2024-08-20 (22/24 hours)
PENDLE_USDT_data.csv,2024-10-22 (8/24 hours)
DEXE_USDT_data.csv,2021-01-01 (1/24 hours)
DEXE_USDT_data.csv,2021-12-12 (21/24 hours)
DEXE_USDT_data.csv,2022-10-01 (8/24 hours)
DEXE_USDT_data.csv,2022-10-02 (7/24 hours)
DEXE_USDT_data.csv,2023-07-21 (10/24 hours)
DEXE_USDT_data.csv,2023-07-22 (12/24 hours)
DEXE_USDT_data.csv,2024-05-09 (21/24 hours)
DEXE_USDT_data.csv,2024-07-26 (23/24 hours)
DEXE_USDT_data.csv,2024-08-03 (18/24 hours)
DEXE_USDT_data.csv,2024-08-15 (12/24 hours)
DEXE_USDT_data.csv,2024-08-23 (13/24 hours)
DEXE_USDT_data.csv,2024-10-01 (16/24 hours)
DEXE_USDT_data.csv,2024-10-02 (15/24 hours)
DEXE_USDT_data.csv,2024-10-22 (8/24 hours)
BONK_USDT_data.csv,2023-04-06 (11/24 hours)
BONK_USDT_data.csv,2024-05-09 (21/24 hours)
BONK_USDT_data.csv,2024-07-26 (23/24 hours)
BONK_USDT_data.csv,2024-08-20 (22/24 hours)
BONK_USDT_data.csv,2024-10-22 (8/24 hours)
VET_USDT_data.csv,2021-01-01 (1/24 hours)
VET_USDT_data.csv,2021-01-10 (20/24 hours)
VET_USDT_data.csv,2021-03-25 (23/24 hours)
VET_USDT_data.csv,2021-04-17 (21/24 hours)
VET_USDT_data.csv,2021-04-26 (23/24 hours)
VET_USDT_data.csv,2021-06-01 (23/24 hours)
VET_USDT_data.csv,2021-07-01 (23/24 hours)
VET_USDT_data.csv,2021-07-06 (23/24 hours)
VET_USDT_data.csv,2022-01-27 (23/24 hours)
VET_USDT_data.csv,2022-02-11 (20/24 hours)
VET_USDT_data.csv,2022-05-20 (19/24 hours)
VET_USDT_data.csv,2022-10-04 (23/24 hours)
VET_USDT_data.csv,2022-10-07 (20/24 hours)
VET_USDT_data.csv,2022-10-08 (17/24 hours)
VET_USDT_data.csv,2023-03-02 (23/24 hours)
VET_USDT_data.csv,2023-11-03 (23/24 hours)
VET_USDT_data.csv,2024-01-09 (23/24 hours)
VET_USDT_data.csv,2024-09-20 (23/24 hours)
VET_USDT_data.csv,2024-10-09 (23/24 hours)
VET_USDT_data.csv,2024-10-22 (10/24 hours)
PRIME_USDT_data.csv,2023-03-01 (9/24 hours)
PRIME_USDT_data.csv,2024-05-09 (21/24 hours)
PRIME_USDT_data.csv,2024-07-26 (23/24 hours)
PRIME_USDT_data.csv,2024-08-20 (22/24 hours)
PRIME_USDT_data.csv,2024-10-22 (8/24 hours)
AAVE_USDT_data.csv,2021-01-01 (1/24 hours)
AAVE_USDT_data.csv,2024-05-07 (18/24 hours)
AAVE_USDT_data.csv,2024-05-08 (10/24 hours)
AAVE_USDT_data.csv,2024-05-09 (21/24 hours)
AAVE_USDT_data.csv,2024-07-26 (23/24 hours)
AAVE_USDT_data.csv,2024-08-20 (22/24 hours)
AAVE_USDT_data.csv,2024-10-22 (8/24 hours)
PEPECOIN_USDT_data.csv,2023-04-28 (2/24 hours)
PEPECOIN_USDT_data.csv,2024-05-04 (16/24 hours)
PEPECOIN_USDT_data.csv,2024-05-07 (2/24 hours)
PEPECOIN_USDT_data.csv,2024-05-08 (10/24 hours)
PEPECOIN_USDT_data.csv,2024-05-09 (21/24 hours)
PEPECOIN_USDT_data.csv,2024-07-26 (23/24 hours)
PEPECOIN_USDT_data.csv,2024-08-20 (22/24 hours)
PEPECOIN_USDT_data.csv,2024-10-22 (8/24 hours)
SHIB_USDT_data.csv,2021-01-01 (1/24 hours)
SHIB_USDT_data.csv,2024-05-09 (21/24 hours)
SHIB_USDT_data.csv,2024-07-26 (23/24 hours)
SHIB_USDT_data.csv,2024-08-20 (22/24 hours)
SHIB_USDT_data.csv,2024-10-22 (8/24 hours)
UNI_USDT_data.csv,2021-01-01 (1/24 hours)
UNI_USDT_data.csv,2024-05-09 (21/24 hours)
UNI_USDT_data.csv,2024-07-26 (23/24 hours)
UNI_USDT_data.csv,2024-08-20 (22/24 hours)
UNI_USDT_data.csv,2024-10-22 (8/24 hours)
ATOM_USDT_data.csv,2021-01-01 (1/24 hours)
ATOM_USDT_data.csv,2021-01-10 (20/24 hours)
ATOM_USDT_data.csv,2021-02-20 (23/24 hours)
ATOM_USDT_data.csv,2021-03-25 (23/24 hours)
ATOM_USDT_data.csv,2021-04-17 (21/24 hours)
ATOM_USDT_data.csv,2021-04-26 (23/24 hours)
ATOM_USDT_data.csv,2021-06-01 (23/24 hours)
ATOM_USDT_data.csv,2021-07-06 (23/24 hours)
ATOM_USDT_data.csv,2022-01-27 (23/24 hours)
ATOM_USDT_data.csv,2022-02-11 (20/24 hours)
ATOM_USDT_data.csv,2022-05-20 (19/24 hours)
ATOM_USDT_data.csv,2022-10-04 (23/24 hours)
ATOM_USDT_data.csv,2022-10-07 (20/24 hours)
ATOM_USDT_data.csv,2022-10-08 (17/24 hours)
ATOM_USDT_data.csv,2023-03-02 (23/24 hours)
ATOM_USDT_data.csv,2023-11-03 (23/24 hours)
ATOM_USDT_data.csv,2024-07-26 (23/24 hours)
ATOM_USDT_data.csv,2024-08-20 (22/24 hours)
ATOM_USDT_data.csv,2024-09-15 (7/24 hours)
ATOM_USDT_data.csv,2024-09-16 (12/24 hours)
ATOM_USDT_data.csv,2024-10-22 (8/24 hours)
TAO_USDT_data.csv,2023-03-03 (9/24 hours)
TAO_USDT_data.csv,2023-11-03 (23/24 hours)
TAO_USDT_data.csv,2024-01-09 (23/24 hours)
TAO_USDT_data.csv,2024-06-20 (23/24 hours)
TAO_USDT_data.csv,2024-07-04 (23/24 hours)
TAO_USDT_data.csv,2024-09-03 (23/24 hours)
TAO_USDT_data.csv,2024-10-09 (23/24 hours)
TAO_USDT_data.csv,2024-10-22 (10/24 hours)
AVAX_USDT_data.csv,2021-01-01 (1/24 hours)
AVAX_USDT_data.csv,2021-01-10 (20/24 hours)
AVAX_USDT_data.csv,2021-01-27 (23/24 hours)
AVAX_USDT_data.csv,2021-03-25 (23/24 hours)
AVAX_USDT_data.csv,2021-04-17 (21/24 hours)
AVAX_USDT_data.csv,2021-04-26 (23/24 hours)
AVAX_USDT_data.csv,2021-06-01 (22/24 hours)
AVAX_USDT_data.csv,2021-07-01 (23/24 hours)
AVAX_USDT_data.csv,2021-07-06 (23/24 hours)
AVAX_USDT_data.csv,2024-07-26 (23/24 hours)
AVAX_USDT_data.csv,2024-08-20 (22/24 hours)
AVAX_USDT_data.csv,2024-10-22 (8/24 hours)
AXS_USDT_data.csv,2021-01-01 (1/24 hours)
AXS_USDT_data.csv,2021-01-10 (21/24 hours)
AXS_USDT_data.csv,2021-01-27 (23/24 hours)
AXS_USDT_data.csv,2021-02-20 (23/24 hours)
AXS_USDT_data.csv,2021-02-22 (23/24 hours)
AXS_USDT_data.csv,2021-02-26 (23/24 hours)
AXS_USDT_data.csv,2021-03-25 (23/24 hours)
AXS_USDT_data.csv,2021-04-17 (22/24 hours)
AXS_USDT_data.csv,2021-04-19 (23/24 hours)
AXS_USDT_data.csv,2021-04-26 (23/24 hours)
AXS_USDT_data.csv,2022-10-01 (22/24 hours)
AXS_USDT_data.csv,2023-07-21 (21/24 hours)
AXS_USDT_data.csv,2024-05-09 (21/24 hours)
AXS_USDT_data.csv,2024-07-26 (23/24 hours)
AXS_USDT_data.csv,2024-08-20 (22/24 hours)
AXS_USDT_data.csv,2024-10-22 (8/24 hours)
BDX_USDT_data.csv,2021-01-01 (1/24 hours)
BDX_USDT_data.csv,2021-01-10 (21/24 hours)
BDX_USDT_data.csv,2021-01-31 (23/24 hours)
BDX_USDT_data.csv,2021-02-01 (23/24 hours)
BDX_USDT_data.csv,2021-02-02 (19/24 hours)
BDX_USDT_data.csv,2021-02-03 (18/24 hours)
BDX_USDT_data.csv,2021-02-04 (21/24 hours)
BDX_USDT_data.csv,2021-02-05 (23/24 hours)
BDX_USDT_data.csv,2021-02-18 (22/24 hours)
BDX_USDT_data.csv,2021-02-20 (23/24 hours)
BDX_USDT_data.csv,2021-02-22 (23/24 hours)
BDX_USDT_data.csv,2021-02-26 (22/24 hours)
BDX_USDT_data.csv,2021-02-27 (21/24 hours)
BDX_USDT_data.csv,2021-02-28 (22/24 hours)
BDX_USDT_data.csv,2021-03-02 (20/24 hours)
BDX_USDT_data.csv,2021-03-03 (19/24 hours)
BDX_USDT_data.csv,2021-03-04 (18/24 hours)
BDX_USDT_data.csv,2021-03-05 (18/24 hours)
BDX_USDT_data.csv,2021-03-06 (16/24 hours)
BDX_USDT_data.csv,2021-03-07 (17/24 hours)
BDX_USDT_data.csv,2021-03-08 (12/24 hours)
BDX_USDT_data.csv,2021-03-09 (16/24 hours)
BDX_USDT_data.csv,2021-03-10 (15/24 hours)
BDX_USDT_data.csv,2021-03-11 (18/24 hours)
BDX_USDT_data.csv,2021-03-12 (18/24 hours)
BDX_USDT_data.csv,2021-03-13 (17/24 hours)
BDX_USDT_data.csv,2021-03-14 (14/24 hours)
BDX_USDT_data.csv,2021-03-15 (16/24 hours)
BDX_USDT_data.csv,2021-03-16 (16/24 hours)
BDX_USDT_data.csv,2021-03-17 (17/24 hours)
BDX_USDT_data.csv,2021-03-18 (14/24 hours)
BDX_USDT_data.csv,2021-03-19 (17/24 hours)
BDX_USDT_data.csv,2021-03-20 (13/24 hours)
BDX_USDT_data.csv,2021-03-21 (15/24 hours)
BDX_USDT_data.csv,2021-03-22 (15/24 hours)
BDX_USDT_data.csv,2021-03-23 (15/24 hours)
BDX_USDT_data.csv,2021-03-24 (13/24 hours)
BDX_USDT_data.csv,2021-03-25 (14/24 hours)
BDX_USDT_data.csv,2021-03-26 (14/24 hours)
BDX_USDT_data.csv,2021-03-27 (14/24 hours)
BDX_USDT_data.csv,2021-03-28 (11/24 hours)
BDX_USDT_data.csv,2021-03-29 (13/24 hours)
BDX_USDT_data.csv,2021-03-30 (17/24 hours)
BDX_USDT_data.csv,2021-03-31 (15/24 hours)
BDX_USDT_data.csv,2021-04-01 (12/24 hours)
BDX_USDT_data.csv,2021-04-02 (11/24 hours)
BDX_USDT_data.csv,2021-04-03 (9/24 hours)
BDX_USDT_data.csv,2021-04-04 (8/24 hours)
BDX_USDT_data.csv,2021-04-05 (11/24 hours)
BDX_USDT_data.csv,2021-04-06 (11/24 hours)
BDX_USDT_data.csv,2021-04-07 (14/24 hours)
BDX_USDT_data.csv,2021-04-08 (12/24 hours)
BDX_USDT_data.csv,2021-04-09 (12/24 hours)
BDX_USDT_data.csv,2021-04-10 (13/24 hours)
BDX_USDT_data.csv,2021-04-11 (14/24 hours)
BDX_USDT_data.csv,2021-04-12 (17/24 hours)
BDX_USDT_data.csv,2021-04-13 (19/24 hours)
BDX_USDT_data.csv,2021-04-14 (21/24 hours)
BDX_USDT_data.csv,2021-04-15 (19/24 hours)
BDX_USDT_data.csv,2021-04-16 (18/24 hours)
BDX_USDT_data.csv,2021-04-17 (15/24 hours)
BDX_USDT_data.csv,2021-04-18 (18/24 hours)
BDX_USDT_data.csv,2021-04-19 (19/24 hours)
BDX_USDT_data.csv,2021-04-20 (17/24 hours)
BDX_USDT_data.csv,2021-04-21 (17/24 hours)
BDX_USDT_data.csv,2021-04-22 (15/24 hours)
BDX_USDT_data.csv,2021-04-23 (14/24 hours)
BDX_USDT_data.csv,2021-04-24 (16/24 hours)
BDX_USDT_data.csv,2021-04-25 (15/24 hours)
BDX_USDT_data.csv,2021-04-26 (13/24 hours)
BDX_USDT_data.csv,2021-04-27 (17/24 hours)
BDX_USDT_data.csv,2021-04-28 (15/24 hours)
BDX_USDT_data.csv,2021-04-29 (22/24 hours)
BDX_USDT_data.csv,2021-05-28 (23/24 hours)
BDX_USDT_data.csv,2021-06-01 (23/24 hours)
BDX_USDT_data.csv,2021-07-01 (23/24 hours)
BDX_USDT_data.csv,2021-07-06 (23/24 hours)
BDX_USDT_data.csv,2022-01-27 (23/24 hours)
BDX_USDT_data.csv,2022-02-11 (20/24 hours)
BDX_USDT_data.csv,2022-05-20 (19/24 hours)
BDX_USDT_data.csv,2022-10-04 (23/24 hours)
BDX_USDT_data.csv,2022-10-07 (20/24 hours)
BDX_USDT_data.csv,2022-10-08 (18/24 hours)
BDX_USDT_data.csv,2023-03-02 (23/24 hours)
BDX_USDT_data.csv,2023-11-03 (23/24 hours)
BDX_USDT_data.csv,2024-01-09 (23/24 hours)
BDX_USDT_data.csv,2024-08-16 (23/24 hours)
BDX_USDT_data.csv,2024-10-09 (23/24 hours)
BDX_USDT_data.csv,2024-10-22 (10/24 hours)
INJ_USDT_data.csv,2021-01-01 (1/24 hours)
INJ_USDT_data.csv,2022-07-19 (21/24 hours)
INJ_USDT_data.csv,2022-10-01 (10/24 hours)
INJ_USDT_data.csv,2023-02-24 (23/24 hours)
INJ_USDT_data.csv,2023-12-14 (13/24 hours)
INJ_USDT_data.csv,2024-05-07 (2/24 hours)
INJ_USDT_data.csv,2024-05-08 (10/24 hours)
INJ_USDT_data.csv,2024-05-09 (21/24 hours)
INJ_USDT_data.csv,2024-07-26 (23/24 hours)
INJ_USDT_data.csv,2024-08-20 (22/24 hours)
INJ_USDT_data.csv,2024-10-17 (23/24 hours)
INJ_USDT_data.csv,2024-10-22 (8/24 hours)
TON_USDT_data.csv,2021-08-27 (23/24 hours)
TON_USDT_data.csv,2021-08-30 (22/24 hours)
TON_USDT_data.csv,2021-09-10 (23/24 hours)
TON_USDT_data.csv,2021-09-16 (22/24 hours)
TON_USDT_data.csv,2021-09-28 (15/24 hours)
TON_USDT_data.csv,2022-01-27 (23/24 hours)
TON_USDT_data.csv,2022-02-11 (20/24 hours)
TON_USDT_data.csv,2022-04-21 (23/24 hours)
TON_USDT_data.csv,2022-05-20 (20/24 hours)
TON_USDT_data.csv,2022-10-04 (23/24 hours)
TON_USDT_data.csv,2022-10-07 (20/24 hours)
TON_USDT_data.csv,2022-10-08 (18/24 hours)
TON_USDT_data.csv,2023-03-02 (23/24 hours)
TON_USDT_data.csv,2023-11-03 (23/24 hours)
TON_USDT_data.csv,2024-01-09 (23/24 hours)
TON_USDT_data.csv,2024-05-07 (2/24 hours)
TON_USDT_data.csv,2024-05-08 (10/24 hours)
TON_USDT_data.csv,2024-05-09 (21/24 hours)
TON_USDT_data.csv,2024-07-26 (23/24 hours)
TON_USDT_data.csv,2024-08-20 (22/24 hours)
TON_USDT_data.csv,2024-10-22 (8/24 hours)
CHZ_USDT_data.csv,2021-01-01 (1/24 hours)
CHZ_USDT_data.csv,2021-01-10 (21/24 hours)
CHZ_USDT_data.csv,2021-01-27 (23/24 hours)
CHZ_USDT_data.csv,2024-05-08 (18/24 hours)
CHZ_USDT_data.csv,2024-05-09 (21/24 hours)
CHZ_USDT_data.csv,2024-07-26 (23/24 hours)
CHZ_USDT_data.csv,2024-08-20 (22/24 hours)
CHZ_USDT_data.csv,2024-10-22 (8/24 hours)
RENDER_USDT_data.csv,2021-01-01 (1/24 hours)
RENDER_USDT_data.csv,2024-05-04 (19/24 hours)
RENDER_USDT_data.csv,2024-05-07 (2/24 hours)
RENDER_USDT_data.csv,2024-05-08 (10/24 hours)
RENDER_USDT_data.csv,2024-05-09 (21/24 hours)
RENDER_USDT_data.csv,2024-07-26 (23/24 hours)
RENDER_USDT_data.csv,2024-08-20 (22/24 hours)
RENDER_USDT_data.csv,2024-10-22 (8/24 hours)
XEC_USDT_data.csv,2021-07-02 (13/24 hours)
XEC_USDT_data.csv,2021-07-06 (23/24 hours)
XEC_USDT_data.csv,2022-01-27 (23/24 hours)
XEC_USDT_data.csv,2022-02-11 (20/24 hours)
XEC_USDT_data.csv,2022-05-20 (20/24 hours)
XEC_USDT_data.csv,2022-10-04 (23/24 hours)
XEC_USDT_data.csv,2022-10-07 (20/24 hours)
XEC_USDT_data.csv,2022-10-08 (17/24 hours)
XEC_USDT_data.csv,2023-03-02 (23/24 hours)
XEC_USDT_data.csv,2023-11-03 (23/24 hours)
XEC_USDT_data.csv,2024-01-09 (23/24 hours)
XEC_USDT_data.csv,2024-09-26 (22/24 hours)
XEC_USDT_data.csv,2024-10-09 (23/24 hours)
XEC_USDT_data.csv,2024-10-22 (10/24 hours)
MATIC_USDT_data.csv,2021-01-01 (1/24 hours)
MATIC_USDT_data.csv,2024-05-09 (21/24 hours)
MATIC_USDT_data.csv,2024-07-26 (23/24 hours)
MATIC_USDT_data.csv,2024-08-20 (22/24 hours)
MATIC_USDT_data.csv,2024-10-22 (8/24 hours)
ARKM_USDT_data.csv,2023-07-18 (16/24 hours)
ARKM_USDT_data.csv,2024-05-09 (21/24 hours)
ARKM_USDT_data.csv,2024-07-26 (23/24 hours)
ARKM_USDT_data.csv,2024-08-20 (22/24 hours)
ARKM_USDT_data.csv,2024-10-22 (8/24 hours)
LTC_USDT_data.csv,2021-01-01 (1/24 hours)
LTC_USDT_data.csv,2021-01-10 (20/24 hours)
LTC_USDT_data.csv,2021-03-25 (23/24 hours)
LTC_USDT_data.csv,2021-04-17 (21/24 hours)
LTC_USDT_data.csv,2024-07-26 (23/24 hours)
LTC_USDT_data.csv,2024-08-20 (22/24 hours)
LTC_USDT_data.csv,2024-10-22 (8/24 hours)
AKT_USDT_data.csv,2021-01-01 (1/24 hours)
AKT_USDT_data.csv,2021-01-10 (21/24 hours)
AKT_USDT_data.csv,2021-01-27 (23/24 hours)
AKT_USDT_data.csv,2021-02-20 (23/24 hours)
AKT_USDT_data.csv,2021-02-26 (23/24 hours)
AKT_USDT_data.csv,2021-03-25 (23/24 hours)
AKT_USDT_data.csv,2021-04-04 (23/24 hours)
AKT_USDT_data.csv,2021-04-17 (21/24 hours)
AKT_USDT_data.csv,2021-04-19 (23/24 hours)
AKT_USDT_data.csv,2021-04-26 (23/24 hours)
AKT_USDT_data.csv,2021-05-05 (23/24 hours)
AKT_USDT_data.csv,2021-06-11 (23/24 hours)
AKT_USDT_data.csv,2021-07-01 (23/24 hours)
AKT_USDT_data.csv,2021-07-06 (23/24 hours)
AKT_USDT_data.csv,2022-01-27 (23/24 hours)
AKT_USDT_data.csv,2022-02-11 (20/24 hours)
AKT_USDT_data.csv,2022-05-20 (19/24 hours)
AKT_USDT_data.csv,2022-10-04 (23/24 hours)
AKT_USDT_data.csv,2022-10-07 (20/24 hours)
AKT_USDT_data.csv,2022-10-08 (17/24 hours)
AKT_USDT_data.csv,2023-03-02 (23/24 hours)
AKT_USDT_data.csv,2023-11-03 (23/24 hours)
AKT_USDT_data.csv,2024-01-09 (23/24 hours)
AKT_USDT_data.csv,2024-05-19 (23/24 hours)
AKT_USDT_data.csv,2024-06-16 (23/24 hours)
AKT_USDT_data.csv,2024-07-18 (23/24 hours)
AKT_USDT_data.csv,2024-08-02 (23/24 hours)
AKT_USDT_data.csv,2024-08-04 (23/24 hours)
AKT_USDT_data.csv,2024-10-09 (23/24 hours)
AKT_USDT_data.csv,2024-10-22 (10/24 hours)
TRX_USDT_data.csv,2021-01-01 (1/24 hours)
TRX_USDT_data.csv,2021-01-10 (21/24 hours)
TRX_USDT_data.csv,2021-03-25 (23/24 hours)
TRX_USDT_data.csv,2021-04-17 (22/24 hours)
TRX_USDT_data.csv,2021-04-26 (23/24 hours)
TRX_USDT_data.csv,2021-07-01 (23/24 hours)
TRX_USDT_data.csv,2021-07-06 (23/24 hours)
TRX_USDT_data.csv,2022-01-27 (23/24 hours)
TRX_USDT_data.csv,2022-02-11 (20/24 hours)
TRX_USDT_data.csv,2022-05-20 (19/24 hours)
TRX_USDT_data.csv,2022-10-04 (23/24 hours)
TRX_USDT_data.csv,2022-10-07 (20/24 hours)
TRX_USDT_data.csv,2022-10-08 (17/24 hours)
TRX_USDT_data.csv,2023-03-02 (23/24 hours)
TRX_USDT_data.csv,2023-11-03 (23/24 hours)
TRX_USDT_data.csv,2024-05-14 (21/24 hours)
TRX_USDT_data.csv,2024-06-11 (20/24 hours)
TRX_USDT_data.csv,2024-06-15 (15/24 hours)
TRX_USDT_data.csv,2024-07-15 (10/24 hours)
TRX_USDT_data.csv,2024-07-17 (11/24 hours)
TRX_USDT_data.csv,2024-07-19 (9/24 hours)
TRX_USDT_data.csv,2024-07-26 (23/24 hours)
TRX_USDT_data.csv,2024-08-20 (22/24 hours)
TRX_USDT_data.csv,2024-10-22 (8/24 hours)
BTC_USDT_data.csv,2021-01-01 (1/24 hours)
BTC_USDT_data.csv,2024-05-09 (21/24 hours)
BTC_USDT_data.csv,2024-07-26 (23/24 hours)
BTC_USDT_data.csv,2024-08-20 (22/24 hours)
BTC_USDT_data.csv,2024-10-20 (16/24 hours)
BTC_USDT_data.csv,2024-10-21 (19/24 hours)
BTC_USDT_data.csv,2024-10-22 (8/24 hours)
ETH_USDT_data.csv,2021-02-21 (6/24 hours)
ETH_USDT_data.csv,2022-09-30 (22/24 hours)
ETH_USDT_data.csv,2023-02-23 (18/24 hours)
ETH_USDT_data.csv,2023-07-20 (21/24 hours)
ETH_USDT_data.csv,2023-10-01 (19/24 hours)
ETH_USDT_data.csv,2023-12-13 (23/24 hours)
ETH_USDT_data.csv,2024-05-08 (19/24 hours)
ETH_USDT_data.csv,2024-05-09 (21/24 hours)
ETH_USDT_data.csv,2024-07-26 (23/24 hours)
ETH_USDT_data.csv,2024-08-20 (22/24 hours)
ETH_USDT_data.csv,2024-10-02 (19/24 hours)
ETH_USDT_data.csv,2024-10-22 (8/24 hours)
PEPE_USDT_data.csv,2023-04-14 (4/24 hours)
PEPE_USDT_data.csv,2024-05-07 (2/24 hours)
PEPE_USDT_data.csv,2024-05-08 (10/24 hours)
PEPE_USDT_data.csv,2024-05-09 (21/24 hours)
PEPE_USDT_data.csv,2024-07-26 (23/24 hours)
PEPE_USDT_data.csv,2024-08-20 (22/24 hours)
PEPE_USDT_data.csv,2024-10-22 (8/24 hours)
APE_USDT_data.csv,2022-03-17 (12/24 hours)
APE_USDT_data.csv,2024-05-09 (22/24 hours)
APE_USDT_data.csv,2024-07-26 (23/24 hours)
APE_USDT_data.csv,2024-08-20 (22/24 hours)
APE_USDT_data.csv,2024-10-22 (8/24 hours)
FET_USDT_data.csv,2021-01-01 (1/24 hours)
FET_USDT_data.csv,2021-02-22 (23/24 hours)
FET_USDT_data.csv,2021-12-12 (17/24 hours)
FET_USDT_data.csv,2022-10-01 (9/24 hours)
FET_USDT_data.csv,2023-07-21 (22/24 hours)
FET_USDT_data.csv,2024-05-09 (21/24 hours)
FET_USDT_data.csv,2024-07-26 (23/24 hours)
FET_USDT_data.csv,2024-08-20 (22/24 hours)
FET_USDT_data.csv,2024-10-22 (8/24 hours)
NEXO_USDT_data.csv,2021-01-01 (1/24 hours)
NEXO_USDT_data.csv,2022-10-01 (23/24 hours)
NEXO_USDT_data.csv,2023-07-21 (20/24 hours)
NEXO_USDT_data.csv,2024-05-09 (21/24 hours)
NEXO_USDT_data.csv,2024-07-26 (23/24 hours)
NEXO_USDT_data.csv,2024-08-20 (22/24 hours)
NEXO_USDT_data.csv,2024-10-22 (8/24 hours)
WLD_USDT_data.csv,2023-07-24 (17/24 hours)
WLD_USDT_data.csv,2024-05-05 (16/24 hours)
WLD_USDT_data.csv,2024-05-07 (2/24 hours)
WLD_USDT_data.csv,2024-05-08 (10/24 hours)
WLD_USDT_data.csv,2024-05-09 (21/24 hours)
WLD_USDT_data.csv,2024-07-26 (23/24 hours)
WLD_USDT_data.csv,2024-08-20 (22/24 hours)
WLD_USDT_data.csv,2024-10-22 (8/24 hours)
STX_USDT_data.csv,2021-01-01 (1/24 hours)
STX_USDT_data.csv,2021-01-10 (20/24 hours)
STX_USDT_data.csv,2021-02-20 (23/24 hours)
STX_USDT_data.csv,2021-02-22 (23/24 hours)
STX_USDT_data.csv,2021-02-26 (23/24 hours)
STX_USDT_data.csv,2021-03-25 (23/24 hours)
STX_USDT_data.csv,2021-04-17 (22/24 hours)
STX_USDT_data.csv,2021-04-19 (23/24 hours)
STX_USDT_data.csv,2021-04-26 (23/24 hours)
STX_USDT_data.csv,2021-07-01 (23/24 hours)
STX_USDT_data.csv,2021-07-06 (23/24 hours)
STX_USDT_data.csv,2022-01-27 (23/24 hours)
STX_USDT_data.csv,2022-02-11 (20/24 hours)
STX_USDT_data.csv,2022-05-20 (20/24 hours)
STX_USDT_data.csv,2022-10-04 (23/24 hours)
STX_USDT_data.csv,2022-10-07 (20/24 hours)
STX_USDT_data.csv,2022-10-08 (17/24 hours)
STX_USDT_data.csv,2023-03-02 (23/24 hours)
STX_USDT_data.csv,2023-11-03 (23/24 hours)
STX_USDT_data.csv,2024-01-09 (23/24 hours)
STX_USDT_data.csv,2024-08-20 (22/24 hours)
STX_USDT_data.csv,2024-09-03 (23/24 hours)
STX_USDT_data.csv,2024-09-14 (23/24 hours)
STX_USDT_data.csv,2024-09-26 (23/24 hours)
STX_USDT_data.csv,2024-10-09 (23/24 hours)
STX_USDT_data.csv,2024-10-22 (10/24 hours)
FLOKI_USDT_data.csv,2021-06-28 (13/24 hours)
FLOKI_USDT_data.csv,2021-07-01 (23/24 hours)
FLOKI_USDT_data.csv,2021-07-06 (23/24 hours)
FLOKI_USDT_data.csv,2021-07-08 (22/24 hours)
FLOKI_USDT_data.csv,2022-10-01 (23/24 hours)
FLOKI_USDT_data.csv,2023-07-21 (21/24 hours)
FLOKI_USDT_data.csv,2024-05-09 (21/24 hours)
FLOKI_USDT_data.csv,2024-07-26 (23/24 hours)
FLOKI_USDT_data.csv,2024-08-20 (22/24 hours)
FLOKI_USDT_data.csv,2024-10-22 (8/24 hours)
ARB_USDT_data.csv,2023-03-23 (11/24 hours)
ARB_USDT_data.csv,2024-05-09 (21/24 hours)
ARB_USDT_data.csv,2024-07-26 (23/24 hours)
ARB_USDT_data.csv,2024-08-20 (22/24 hours)
ARB_USDT_data.csv,2024-10-02 (19/24 hours)
ARB_USDT_data.csv,2024-10-22 (8/24 hours)
LUNC_USDT_data.csv,2021-01-01 (1/24 hours)
LUNC_USDT_data.csv,2024-05-09 (21/24 hours)
LUNC_USDT_data.csv,2024-07-26 (23/24 hours)
LUNC_USDT_data.csv,2024-08-20 (22/24 hours)
LUNC_USDT_data.csv,2024-10-22 (8/24 hours)
OCEAN_USDT_data.csv,2021-01-01 (1/24 hours)
OCEAN_USDT_data.csv,2024-05-09 (21/24 hours)
OCEAN_USDT_data.csv,2024-07-26 (23/24 hours)
OCEAN_USDT_data.csv,2024-08-20 (22/24 hours)
OCEAN_USDT_data.csv,2024-10-22 (8/24 hours)
AR_USDT_data.csv,2021-01-01 (1/24 hours)
AR_USDT_data.csv,2021-01-10 (21/24 hours)
AR_USDT_data.csv,2021-01-27 (23/24 hours)
AR_USDT_data.csv,2021-02-26 (23/24 hours)
AR_USDT_data.csv,2021-04-17 (21/24 hours)
AR_USDT_data.csv,2021-04-19 (23/24 hours)
AR_USDT_data.csv,2021-04-26 (23/24 hours)
AR_USDT_data.csv,2021-05-05 (23/24 hours)
AR_USDT_data.csv,2021-05-22 (23/24 hours)
AR_USDT_data.csv,2021-06-01 (23/24 hours)
AR_USDT_data.csv,2021-07-01 (23/24 hours)
AR_USDT_data.csv,2021-07-06 (23/24 hours)
AR_USDT_data.csv,2022-01-27 (23/24 hours)
AR_USDT_data.csv,2022-02-11 (20/24 hours)
AR_USDT_data.csv,2022-05-20 (20/24 hours)
AR_USDT_data.csv,2022-10-04 (23/24 hours)
AR_USDT_data.csv,2022-10-07 (20/24 hours)
AR_USDT_data.csv,2022-10-08 (18/24 hours)
AR_USDT_data.csv,2023-03-02 (23/24 hours)
AR_USDT_data.csv,2023-11-03 (23/24 hours)
AR_USDT_data.csv,2024-01-09 (23/24 hours)
AR_USDT_data.csv,2024-07-25 (23/24 hours)
AR_USDT_data.csv,2024-08-16 (23/24 hours)
AR_USDT_data.csv,2024-08-26 (23/24 hours)
AR_USDT_data.csv,2024-08-30 (23/24 hours)
AR_USDT_data.csv,2024-10-09 (23/24 hours)
AR_USDT_data.csv,2024-10-22 (10/24 hours)
KLAY_USDT_data.csv,2021-01-01 (1/24 hours)
KLAY_USDT_data.csv,2021-01-10 (21/24 hours)
KLAY_USDT_data.csv,2021-01-27 (23/24 hours)
KLAY_USDT_data.csv,2021-02-20 (23/24 hours)
KLAY_USDT_data.csv,2021-02-22 (23/24 hours)
KLAY_USDT_data.csv,2021-02-26 (23/24 hours)
KLAY_USDT_data.csv,2021-03-06 (23/24 hours)
KLAY_USDT_data.csv,2021-03-18 (23/24 hours)
KLAY_USDT_data.csv,2021-03-25 (23/24 hours)
KLAY_USDT_data.csv,2021-04-17 (22/24 hours)
KLAY_USDT_data.csv,2021-04-19 (23/24 hours)
KLAY_USDT_data.csv,2021-04-26 (23/24 hours)
KLAY_USDT_data.csv,2021-05-05 (23/24 hours)
KLAY_USDT_data.csv,2021-06-01 (23/24 hours)
KLAY_USDT_data.csv,2021-07-01 (23/24 hours)
KLAY_USDT_data.csv,2021-07-06 (23/24 hours)
KLAY_USDT_data.csv,2022-01-27 (23/24 hours)
KLAY_USDT_data.csv,2022-02-11 (20/24 hours)
KLAY_USDT_data.csv,2022-05-20 (20/24 hours)
KLAY_USDT_data.csv,2022-10-04 (23/24 hours)
KLAY_USDT_data.csv,2022-10-07 (20/24 hours)
KLAY_USDT_data.csv,2022-10-08 (17/24 hours)
KLAY_USDT_data.csv,2023-03-02 (23/24 hours)
KLAY_USDT_data.csv,2023-11-03 (23/24 hours)
KLAY_USDT_data.csv,2024-01-09 (23/24 hours)
KLAY_USDT_data.csv,2024-08-20 (23/24 hours)
KLAY_USDT_data.csv,2024-10-09 (23/24 hours)
KLAY_USDT_data.csv,2024-10-22 (10/24 hours)
BNB_USDT_data.csv,2021-01-01 (1/24 hours)
BNB_USDT_data.csv,2021-01-10 (21/24 hours)
BNB_USDT_data.csv,2021-03-25 (23/24 hours)
BNB_USDT_data.csv,2021-04-17 (21/24 hours)
BNB_USDT_data.csv,2021-05-06 (6/24 hours)
BNB_USDT_data.csv,2021-07-18 (12/24 hours)
BNB_USDT_data.csv,2021-09-18 (15/24 hours)
BNB_USDT_data.csv,2021-09-29 (18/24 hours)
BNB_USDT_data.csv,2022-02-20 (5/24 hours)
BNB_USDT_data.csv,2022-02-23 (6/24 hours)
BNB_USDT_data.csv,2022-02-28 (12/24 hours)
BNB_USDT_data.csv,2022-05-07 (12/24 hours)
BNB_USDT_data.csv,2022-08-21 (9/24 hours)
BNB_USDT_data.csv,2022-11-24 (23/24 hours)
BNB_USDT_data.csv,2022-12-13 (6/24 hours)
BNB_USDT_data.csv,2022-12-29 (19/24 hours)
BNB_USDT_data.csv,2023-02-24 (11/24 hours)
BNB_USDT_data.csv,2023-02-25 (21/24 hours)
BNB_USDT_data.csv,2023-05-08 (22/24 hours)
BNB_USDT_data.csv,2023-07-20 (23/24 hours)
BNB_USDT_data.csv,2023-07-21 (14/24 hours)
BNB_USDT_data.csv,2023-10-02 (18/24 hours)
BNB_USDT_data.csv,2023-12-14 (18/24 hours)
BNB_USDT_data.csv,2024-02-25 (17/24 hours)
BNB_USDT_data.csv,2024-05-08 (6/24 hours)
BNB_USDT_data.csv,2024-05-09 (21/24 hours)
BNB_USDT_data.csv,2024-07-26 (23/24 hours)
BNB_USDT_data.csv,2024-08-20 (22/24 hours)
BNB_USDT_data.csv,2024-10-22 (8/24 hours)
WEMIX_USDT_data.csv,2021-01-01 (1/24 hours)
WEMIX_USDT_data.csv,2021-01-10 (21/24 hours)
WEMIX_USDT_data.csv,2021-03-25 (23/24 hours)
WEMIX_USDT_data.csv,2021-04-17 (22/24 hours)
WEMIX_USDT_data.csv,2021-04-19 (23/24 hours)
WEMIX_USDT_data.csv,2021-04-26 (23/24 hours)
WEMIX_USDT_data.csv,2021-06-01 (23/24 hours)
WEMIX_USDT_data.csv,2021-07-01 (23/24 hours)
WEMIX_USDT_data.csv,2021-07-06 (23/24 hours)
WEMIX_USDT_data.csv,2022-01-27 (23/24 hours)
WEMIX_USDT_data.csv,2022-02-11 (20/24 hours)
WEMIX_USDT_data.csv,2022-04-21 (23/24 hours)
WEMIX_USDT_data.csv,2022-05-20 (20/24 hours)
WEMIX_USDT_data.csv,2022-10-04 (23/24 hours)
WEMIX_USDT_data.csv,2022-10-07 (20/24 hours)
WEMIX_USDT_data.csv,2022-10-08 (17/24 hours)
WEMIX_USDT_data.csv,2023-03-02 (23/24 hours)
WEMIX_USDT_data.csv,2023-11-03 (23/24 hours)
WEMIX_USDT_data.csv,2024-01-09 (23/24 hours)
WEMIX_USDT_data.csv,2024-10-09 (23/24 hours)
WEMIX_USDT_data.csv,2024-10-22 (10/24 hours)
BGB_USDT_data.csv,2021-03-08 (14/24 hours)
BGB_USDT_data.csv,2021-04-17 (21/24 hours)
BGB_USDT_data.csv,2021-04-19 (23/24 hours)
BGB_USDT_data.csv,2021-04-26 (23/24 hours)
BGB_USDT_data.csv,2021-05-24 (23/24 hours)
BGB_USDT_data.csv,2021-05-25 (23/24 hours)
BGB_USDT_data.csv,2021-05-26 (23/24 hours)
BGB_USDT_data.csv,2021-05-28 (22/24 hours)
BGB_USDT_data.csv,2021-05-29 (23/24 hours)
BGB_USDT_data.csv,2021-05-31 (22/24 hours)
BGB_USDT_data.csv,2021-06-01 (22/24 hours)
BGB_USDT_data.csv,2021-06-10 (23/24 hours)
BGB_USDT_data.csv,2021-06-11 (23/24 hours)
BGB_USDT_data.csv,2021-07-01 (23/24 hours)
BGB_USDT_data.csv,2021-07-06 (23/24 hours)
BGB_USDT_data.csv,2021-07-23 (17/24 hours)
BGB_USDT_data.csv,2022-01-21 (12/24 hours)
BGB_USDT_data.csv,2022-01-27 (23/24 hours)
BGB_USDT_data.csv,2022-02-11 (20/24 hours)
BGB_USDT_data.csv,2022-04-21 (23/24 hours)
BGB_USDT_data.csv,2022-05-20 (20/24 hours)
BGB_USDT_data.csv,2022-10-04 (23/24 hours)
BGB_USDT_data.csv,2022-10-07 (20/24 hours)
BGB_USDT_data.csv,2022-10-08 (17/24 hours)
BGB_USDT_data.csv,2023-03-02 (23/24 hours)
BGB_USDT_data.csv,2023-11-03 (23/24 hours)
BGB_USDT_data.csv,2024-01-09 (23/24 hours)
BGB_USDT_data.csv,2024-09-10 (23/24 hours)
BGB_USDT_data.csv,2024-10-09 (23/24 hours)
BGB_USDT_data.csv,2024-10-22 (10/24 hours)
AMP_USDT_data.csv,2021-01-01 (1/24 hours)
AMP_USDT_data.csv,2024-05-07 (17/24 hours)
AMP_USDT_data.csv,2024-05-08 (10/24 hours)
AMP_USDT_data.csv,2024-05-09 (21/24 hours)
AMP_USDT_data.csv,2024-07-26 (23/24 hours)
AMP_USDT_data.csv,2024-08-20 (22/24 hours)
AMP_USDT_data.csv,2024-10-22 (8/24 hours)
